session_id,player_name,timestamp,raw_damage,actual_damage,enemy_type,player_level,player_hp_after,player_max_hp,game_time
1775391707,kantee,1775391715,6,1,slime,2,149,150,8.09
1775391707,kantee,1775391740,6,1,slime,8,149,150,33.95
1775391707,kantee,1775391753,6,1,slime,9,149,150,47.0
1775391707,kantee,1775391761,14,8,skeleton,9,141,150,54.32
1775391707,kantee,1775391772,6,1,slime,9,140,150,65.28
1775391707,kantee,1775391789,6,1,slime,9,139,150,82.78
1775391707,kantee,1775391792,14,8,skeleton,9,131,150,85.6
1775391707,kantee,1775391796,14,8,skeleton,9,123,150,89.89
1775391707,kantee,1775391812,6,1,slime,9,122,150,105.19
1775391707,kantee,1775391817,14,8,skeleton,9,114,150,110.07
1775391707,kantee,1775391821,14,8,skeleton,9,106,150,114.42
1775391707,kantee,1775391828,14,8,skeleton,9,98,150,121.18
1775391707,kantee,1775391830,14,8,skeleton,9,90,150,123.7
1775391707,kantee,1775391834,6,1,slime,9,89,150,127.49
1775434907,jeng,1775434910,6,4,slime,2,91,95,3.66
1775434907,jeng,1775434921,14,12,skeleton,4,83,95,14.37
1775434907,jeng,1775434945,14,12,skeleton,11,83,95,38.56
1775434907,jeng,1775434959,14,12,skeleton,15,83,95,52.88
1775434907,jeng,1775434967,20,18,orc,17,77,95,60.64
1775434907,jeng,1775434972,20,18,orc,18,77,95,65.3
1775434907,jeng,1775434976,14,12,skeleton,19,83,95,69.56
1775434907,jeng,1775434986,20,18,orc,22,77,95,79.94
1775434907,jeng,1775435002,20,18,orc,26,77,95,95.95
1775434907,jeng,1775435026,14,12,skeleton,27,83,95,119.89
1775434907,jeng,1775435047,20,18,orc,27,65,95,140.15
1775434907,jeng,1775435058,20,18,orc,27,47,95,151.87
1775434907,jeng,1775435083,20,18,orc,27,29,95,176.06
1775434907,jeng,1775435090,20,18,orc,27,11,95,183.86
1775434907,jeng,1775435100,20,18,orc,27,0,95,193.77
1775434907,jeng,1775435109,20,18,orc,27,0,95,202.86
1775434907,jeng,1775435119,20,18,orc,27,0,95,212.42
1775434907,jeng,1775435122,20,18,orc,27,0,95,216.0
1775434907,jeng,1775435126,20,18,orc,27,0,95,219.04
1775434907,jeng,1775435129,14,12,skeleton,27,0,95,222.08
1775434907,jeng,1775435143,20,18,orc,27,0,95,236.69
1775434907,jeng,1775435153,20,18,orc,27,0,95,246.03
1775434907,jeng,1775435160,20,18,orc,27,0,95,253.9
1775434907,jeng,1775435178,14,12,skeleton,27,0,95,271.9
1775434907,jeng,1775435218,20,18,orc,27,0,95,311.5
1775434907,jeng,1775435230,20,18,orc,27,0,95,323.16
1775434907,jeng,1775435244,20,18,orc,27,0,95,337.24
1775434907,jeng,1775435249,20,18,orc,27,0,95,342.06
1775478107,tle,1775478135,6,2,slime,6,118,120,28.19
1775478107,tle,1775478137,14,10,skeleton,7,110,120,30.76
1775478107,tle,1775478148,14,10,skeleton,10,110,120,41.45
1775478107,tle,1775478163,14,10,skeleton,14,110,120,56.18
1775478107,tle,1775478187,20,16,orc,21,104,120,80.03
1775478107,tle,1775478191,20,16,orc,22,104,120,84.25
1775478107,tle,1775478201,20,16,orc,22,88,120,94.99
1775478107,tle,1775478205,20,16,orc,22,72,120,98.41
1775478107,tle,1775478210,14,10,skeleton,22,62,120,103.24
1775478107,tle,1775478217,14,10,skeleton,22,52,120,110.81
1775478107,tle,1775478287,20,16,orc,22,36,120,180.53
1775478107,tle,1775478326,20,16,orc,22,20,120,219.34
1775478107,tle,1775478338,14,10,skeleton,22,10,120,231.94
1775478107,tle,1775478355,14,10,skeleton,22,0,120,248.44
1775478107,tle,1775478358,20,16,orc,22,0,120,251.13
1775478107,tle,1775478361,20,16,orc,22,0,120,254.59
1775478107,tle,1775478364,20,16,orc,22,0,120,257.26
1775478107,tle,1775478381,20,16,orc,22,0,120,274.66
1775478107,tle,1775478389,20,16,orc,22,0,120,282.08
1775478107,tle,1775478392,20,16,orc,22,0,120,285.71
1775478107,tle,1775478398,14,10,skeleton,22,0,120,291.67
1775478107,tle,1775478401,20,16,orc,22,0,120,294.45
1775478107,tle,1775478406,20,16,orc,22,0,120,299.34
1775478107,tle,1775478410,20,16,orc,22,0,120,303.27
1775521307,kantee,1775521307,6,1,slime,1,149,150,0.3
1775521307,kantee,1775521338,6,1,slime,8,149,150,31.4
1775521307,kantee,1775521348,14,8,skeleton,11,142,150,41.58
1775521307,kantee,1775521392,14,8,skeleton,23,142,150,85.61
1775521307,kantee,1775521396,20,14,orc,24,136,150,89.1
1775521307,kantee,1775521400,20,14,orc,25,136,150,93.05
1775521307,kantee,1775521402,20,14,orc,26,136,150,95.87
1775521307,kantee,1775521410,20,14,orc,28,136,150,103.91
1775521307,kantee,1775521414,20,14,orc,29,136,150,107.67
1775521307,kantee,1775521421,14,8,skeleton,30,142,150,114.58
1775521307,kantee,1775521430,14,8,skeleton,30,134,150,123.37
1775521307,kantee,1775521442,14,8,skeleton,30,126,150,135.16
1775521307,kantee,1775521446,14,8,skeleton,30,118,150,139.27
1775521307,kantee,1775521449,20,14,orc,30,104,150,142.17
1775521307,kantee,1775521457,14,8,skeleton,30,96,150,150.1
1775521307,kantee,1775521483,20,14,orc,30,82,150,176.7
1775521307,kantee,1775521497,20,14,orc,30,68,150,190.68
1775521307,kantee,1775521507,14,8,skeleton,30,60,150,200.99
1775521307,kantee,1775521512,20,14,orc,30,46,150,205.16
1775521307,kantee,1775521519,20,14,orc,30,32,150,212.73
1775521307,kantee,1775521522,14,8,skeleton,30,24,150,215.92
1775521307,kantee,1775521527,20,14,orc,30,10,150,220.78
1775521307,kantee,1775521532,14,8,skeleton,30,2,150,225.03
1775521307,kantee,1775521543,14,8,skeleton,30,0,150,236.28
1775521307,kantee,1775521560,14,8,skeleton,30,0,150,253.05
1775521307,kantee,1775521563,14,8,skeleton,30,0,150,256.87
1775521307,kantee,1775521567,20,14,orc,30,0,150,260.82
1775521307,kantee,1775521572,14,8,skeleton,30,0,150,265.09
1775521307,kantee,1775521576,20,14,orc,30,0,150,269.48
1775521307,kantee,1775521601,14,8,skeleton,30,0,150,294.09
1775521307,kantee,1775521611,14,8,skeleton,30,0,150,304.62
1775521307,kantee,1775521622,20,14,orc,30,0,150,315.3
1775521307,kantee,1775521643,20,14,orc,30,0,150,336.7
1775521307,kantee,1775521647,20,14,orc,30,0,150,340.66
1775521307,kantee,1775521663,20,14,orc,30,0,150,356.23
1775521307,kantee,1775521679,20,14,orc,30,0,150,372.1
1775521307,kantee,1775521689,14,8,skeleton,30,0,150,382.13
1775521307,kantee,1775521706,20,14,orc,30,0,150,399.03
1775521307,kantee,1775521715,14,8,skeleton,30,0,150,408.43
1775521307,kantee,1775521732,14,8,skeleton,30,0,150,425.71
1775521307,kantee,1775521735,20,14,orc,30,0,150,428.8
1775521307,kantee,1775521738,20,14,orc,30,0,150,431.39
1775521307,kantee,1775521748,20,14,orc,30,0,150,441.15
1775521307,kantee,1775521751,14,8,skeleton,30,0,150,444.19
1775521307,kantee,1775521770,20,14,orc,30,0,150,463.37
1775521307,kantee,1775521773,20,14,orc,30,0,150,466.92
1775564507,kantee,1775564519,6,1,slime,2,149,150,12.96
1775564507,kantee,1775564535,14,8,skeleton,6,142,150,28.88
1775564507,kantee,1775564539,6,1,slime,7,149,150,32.19
1775564507,kantee,1775564549,14,8,skeleton,10,142,150,42.53
1775564507,kantee,1775564552,20,14,orc,11,136,150,45.99
1775564507,kantee,1775564571,20,14,orc,16,136,150,64.31
1775564507,kantee,1775564578,20,14,orc,18,136,150,71.43
1775564507,kantee,1775564581,20,14,orc,19,136,150,74.59
1775564507,kantee,1775564587,20,14,orc,21,136,150,80.43
1775564507,kantee,1775564608,20,14,orc,25,136,150,101.03
1775564507,kantee,1775564633,20,14,orc,25,122,150,126.41
1775564507,kantee,1775564641,20,14,orc,25,108,150,134.13
1775564507,kantee,1775564659,14,8,skeleton,25,100,150,152.8
1775564507,kantee,1775564662,20,14,orc,25,86,150,155.41
1775564507,kantee,1775564666,20,14,orc,25,72,150,159.47
1775564507,kantee,1775564670,20,14,orc,25,58,150,163.14
1775564507,kantee,1775564673,20,14,orc,25,44,150,166.02
1775564507,kantee,1775564693,20,14,orc,25,30,150,186.37
1775564507,kantee,1775564737,20,14,orc,25,16,150,230.01
1775564507,kantee,1775564741,20,14,orc,25,2,150,234.25
1775564507,kantee,1775564745,20,14,orc,25,0,150,238.58
1775564507,kantee,1775564749,20,14,orc,25,0,150,242.25
1775564507,kantee,1775564753,14,8,skeleton,25,0,150,246.58
1775564507,kantee,1775564758,20,14,orc,25,0,150,251.95
1775564507,kantee,1775564762,14,8,skeleton,25,0,150,255.68
1775564507,kantee,1775564776,14,8,skeleton,25,0,150,269.68
1775564507,kantee,1775564783,20,14,orc,25,0,150,276.93
1775564507,kantee,1775564794,20,14,orc,25,0,150,287.74
1775564507,kantee,1775564802,20,14,orc,25,0,150,295.73
1775564507,kantee,1775564806,20,14,orc,25,0,150,299.14
1775564507,kantee,1775564809,20,14,orc,25,0,150,302.64
1775564507,kantee,1775564817,20,14,orc,25,0,150,310.89
1775564507,kantee,1775564827,14,8,skeleton,25,0,150,320.01
1775564507,kantee,1775564833,14,8,skeleton,25,0,150,326.03
1775564507,kantee,1775564842,20,14,orc,25,0,150,335.05
1775564507,kantee,1775564850,20,14,orc,25,0,150,343.35
1775564507,kantee,1775564858,20,14,orc,25,0,150,351.31
1775564507,kantee,1775564867,14,8,skeleton,25,0,150,360.96
1775607707,kantee,1775607707,6,1,slime,1,149,150,0.3
1775607707,kantee,1775607710,6,1,slime,1,148,150,3.17
1775607707,kantee,1775607719,6,1,slime,3,149,150,12.84
1775607707,kantee,1775607742,14,8,skeleton,9,142,150,35.9
1775607707,kantee,1775607747,14,8,skeleton,10,142,150,40.02
1775607707,kantee,1775607799,20,14,orc,16,136,150,92.82
1775607707,kantee,1775607810,20,14,orc,16,122,150,103.43
1775607707,kantee,1775607813,20,14,orc,16,108,150,106.07
1775607707,kantee,1775607824,14,8,skeleton,16,100,150,117.74
1775607707,kantee,1775607835,20,14,orc,16,86,150,128.04
1775607707,kantee,1775607842,14,8,skeleton,16,78,150,135.59
1775607707,kantee,1775607846,20,14,orc,16,64,150,140.0
1775607707,kantee,1775607855,20,14,orc,16,50,150,148.79
1775607707,kantee,1775607870,20,14,orc,16,36,150,163.65
1775607707,kantee,1775607874,20,14,orc,16,22,150,167.05
1775607707,kantee,1775607882,20,14,orc,16,8,150,175.31
1775607707,kantee,1775607886,14,8,skeleton,16,0,150,179.75
1775650907,kantee,1775650907,14,8,skeleton,1,142,150,0.3
1775650907,kantee,1775650917,6,1,slime,4,149,150,10.25
1775650907,kantee,1775650929,6,1,slime,7,149,150,22.34
1775650907,kantee,1775650971,14,8,skeleton,17,142,150,64.34
1775650907,kantee,1775650975,14,8,skeleton,17,134,150,68.93
1775650907,kantee,1775650983,20,14,orc,17,120,150,76.53
1775650907,kantee,1775651003,20,14,orc,17,106,150,96.4
1775650907,kantee,1775651010,20,14,orc,17,92,150,103.02
1775650907,kantee,1775651018,14,8,skeleton,17,84,150,111.18
1775650907,kantee,1775651023,20,14,orc,17,70,150,116.05
1775650907,kantee,1775651026,14,8,skeleton,17,62,150,119.34
1775650907,kantee,1775651029,20,14,orc,17,48,150,122.01
1775650907,kantee,1775651040,20,14,orc,17,34,150,133.95
1775650907,kantee,1775651044,14,8,skeleton,17,26,150,137.57
1775650907,kantee,1775651048,14,8,skeleton,17,18,150,141.09
1775650907,kantee,1775651068,20,14,orc,17,4,150,161.0
1775650907,kantee,1775651072,20,14,orc,17,0,150,165.95
1775650907,kantee,1775651075,14,8,skeleton,17,0,150,168.88
1775650907,kantee,1775651084,20,14,orc,17,0,150,177.12
1775650907,kantee,1775651086,20,14,orc,17,0,150,179.66
1775650907,kantee,1775651116,20,14,orc,17,0,150,209.54
1775650907,kantee,1775651125,14,8,skeleton,17,0,150,218.98
1775650907,kantee,1775651147,20,14,orc,17,0,150,240.48
1775650907,kantee,1775651152,20,14,orc,17,0,150,245.17
1775650907,kantee,1775651160,20,14,orc,17,0,150,253.85
1775650907,kantee,1775651163,20,14,orc,17,0,150,256.86
1775650907,kantee,1775651166,20,14,orc,17,0,150,259.78
1775650907,kantee,1775651169,20,14,orc,17,0,150,262.35
1775694107,kantee,1775694107,6,1,slime,1,149,150,0.3
1775694107,kantee,1775694116,6,1,slime,2,149,150,9.02
1775694107,kantee,1775694145,14,8,skeleton,9,142,150,38.45
1775694107,kantee,1775694158,20,14,orc,13,136,150,51.79
1775694107,kantee,1775694177,20,14,orc,18,136,150,70.42
1775694107,kantee,1775694197,20,14,orc,22,136,150,90.67
1775694107,kantee,1775694223,20,14,orc,22,122,150,116.82
1775694107,kantee,1775694231,14,8,skeleton,22,114,150,124.72
1775694107,kantee,1775694242,20,14,orc,22,100,150,135.53
1775694107,kantee,1775694250,14,8,skeleton,22,92,150,143.02
1775694107,kantee,1775694276,20,14,orc,22,78,150,169.68
1775694107,kantee,1775694286,14,8,skeleton,22,70,150,179.48
1775694107,kantee,1775694299,20,14,orc,22,56,150,192.62
1775694107,kantee,1775694303,14,8,skeleton,22,48,150,196.11
1775694107,kantee,1775694307,14,8,skeleton,22,40,150,200.61
1775694107,kantee,1775694329,20,14,orc,22,26,150,222.2
1775694107,kantee,1775694349,20,14,orc,22,12,150,242.12
1775737307,jeng,1775737313,6,2,slime,2,118,120,6.89
1775737307,jeng,1775737320,6,2,slime,3,118,120,13.59
1775737307,jeng,1775737325,14,10,skeleton,4,110,120,18.59
1775737307,jeng,1775737333,14,10,skeleton,6,110,120,26.17
1775737307,jeng,1775737346,6,2,slime,9,118,120,39.29
1775737307,jeng,1775737371,6,2,slime,15,118,120,64.01
1775737307,jeng,1775737377,20,16,orc,17,104,120,70.58
1775737307,jeng,1775737384,14,10,skeleton,19,110,120,77.79
1775737307,jeng,1775737404,14,10,skeleton,24,110,120,97.43
1775737307,jeng,1775737413,20,16,orc,26,104,120,106.37
1775737307,jeng,1775737417,20,16,orc,27,104,120,110.26
1775737307,jeng,1775737438,20,16,orc,30,104,120,131.73
1775737307,jeng,1775737448,20,16,orc,30,88,120,141.19
1775737307,jeng,1775737463,14,10,skeleton,30,78,120,156.23
1775737307,jeng,1775737466,20,16,orc,30,62,120,159.67
1775737307,jeng,1775737475,20,16,orc,30,46,120,168.83
1775737307,jeng,1775737505,20,16,orc,30,30,120,198.07
1775737307,jeng,1775737508,14,10,skeleton,30,20,120,201.81
1775737307,jeng,1775737545,14,10,skeleton,30,10,120,238.19
1775737307,jeng,1775737564,20,16,orc,30,0,120,257.62
1775737307,jeng,1775737575,20,16,orc,30,0,120,268.99
1775737307,jeng,1775737587,20,16,orc,30,0,120,280.16
1775737307,jeng,1775737594,20,16,orc,30,0,120,287.21
1775737307,jeng,1775737603,20,16,orc,30,0,120,296.78
1775737307,jeng,1775737606,20,16,orc,30,0,120,299.39
1775737307,jeng,1775737611,14,10,skeleton,30,0,120,304.11
1775737307,jeng,1775737625,20,16,orc,30,0,120,318.42
1775737307,jeng,1775737648,14,10,skeleton,30,0,120,341.03
1775737307,jeng,1775737652,20,16,orc,30,0,120,345.7
1775737307,jeng,1775737669,20,16,orc,30,0,120,362.06
1775737307,jeng,1775737684,20,16,orc,30,0,120,377.82
1775737307,jeng,1775737701,14,10,skeleton,30,0,120,394.12
1775737307,jeng,1775737709,14,10,skeleton,30,0,120,402.19
1775737307,jeng,1775737713,20,16,orc,30,0,120,406.8
1775737307,jeng,1775737720,20,16,orc,30,0,120,413.98
1775737307,jeng,1775737736,20,16,orc,30,0,120,429.34
1775737307,jeng,1775737743,20,16,orc,30,0,120,436.82
1775737307,jeng,1775737748,20,16,orc,30,0,120,441.24
1775737307,jeng,1775737759,20,16,orc,30,0,120,452.14
1775780507,kantee,1775780511,6,1,slime,1,149,150,4.67
1775780507,kantee,1775780520,6,1,slime,3,149,150,13.16
1775780507,kantee,1775780528,6,1,slime,5,149,150,21.4
1775780507,kantee,1775780534,14,8,skeleton,7,142,150,27.39
1775780507,kantee,1775780542,14,8,skeleton,9,142,150,35.16
1775780507,kantee,1775780554,14,8,skeleton,13,142,150,47.67
1775780507,kantee,1775780571,20,14,orc,18,136,150,64.63
1775780507,kantee,1775780589,14,8,skeleton,23,142,150,82.18
1775780507,kantee,1775780592,20,14,orc,24,136,150,85.76
1775780507,kantee,1775780601,20,14,orc,26,136,150,94.78
1775780507,kantee,1775780638,20,14,orc,26,122,150,131.86
1775780507,kantee,1775780658,20,14,orc,26,108,150,151.51
1775780507,kantee,1775780667,20,14,orc,26,94,150,160.65
1775780507,kantee,1775780674,14,8,skeleton,26,86,150,167.39
1775780507,kantee,1775780678,14,8,skeleton,26,78,150,171.08
1775780507,kantee,1775780686,20,14,orc,26,64,150,179.73
1775780507,kantee,1775780701,20,14,orc,26,50,150,194.11
1775780507,kantee,1775780709,20,14,orc,26,36,150,202.14
1775780507,kantee,1775780716,14,8,skeleton,26,28,150,209.93
1775780507,kantee,1775780720,20,14,orc,26,14,150,213.32
1775780507,kantee,1775780724,14,8,skeleton,26,6,150,217.99
1775780507,kantee,1775780739,14,8,skeleton,26,0,150,232.61
1775780507,kantee,1775780747,14,8,skeleton,26,0,150,240.65
1775780507,kantee,1775780757,20,14,orc,26,0,150,250.76
1775780507,kantee,1775780760,20,14,orc,26,0,150,253.86
1775780507,kantee,1775780765,20,14,orc,26,0,150,258.6
1775780507,kantee,1775780768,14,8,skeleton,26,0,150,261.17
1775780507,kantee,1775780774,20,14,orc,26,0,150,267.92
1775780507,kantee,1775780777,20,14,orc,26,0,150,270.78
1775780507,kantee,1775780782,14,8,skeleton,26,0,150,275.09
1775780507,kantee,1775780787,14,8,skeleton,26,0,150,280.66
1775780507,kantee,1775780790,20,14,orc,26,0,150,283.75
1775780507,kantee,1775780794,20,14,orc,26,0,150,287.94
1775780507,kantee,1775780812,20,14,orc,26,0,150,305.54
1775780507,kantee,1775780815,20,14,orc,26,0,150,308.07
1775780507,kantee,1775780826,20,14,orc,26,0,150,319.1
1775780507,kantee,1775780838,20,14,orc,26,0,150,331.67
1775780507,kantee,1775780848,20,14,orc,26,0,150,342.0
1775780507,kantee,1775780857,20,14,orc,26,0,150,350.81
1775780507,kantee,1775780864,20,14,orc,26,0,150,357.78
1775780507,kantee,1775780869,20,14,orc,26,0,150,362.56
1775780507,kantee,1775780879,20,14,orc,26,0,150,372.54
1775780507,kantee,1775780884,14,8,skeleton,26,0,150,377.27
1775823707,kantee,1775823710,6,1,slime,1,149,150,3.58
1775823707,kantee,1775823762,14,8,skeleton,15,142,150,55.83
1775823707,kantee,1775823820,14,8,skeleton,29,142,150,113.41
1775823707,kantee,1775823823,20,14,orc,29,128,150,116.19
1775823707,kantee,1775823835,14,8,skeleton,29,120,150,128.56
1775823707,kantee,1775823855,20,14,orc,29,106,150,148.34
1775823707,kantee,1775823862,20,14,orc,29,92,150,155.43
1775823707,kantee,1775823873,20,14,orc,29,78,150,166.85
1775823707,kantee,1775823876,20,14,orc,29,64,150,169.77
1775823707,kantee,1775823890,20,14,orc,29,50,150,183.11
1775823707,kantee,1775823894,20,14,orc,29,36,150,187.78
1775823707,kantee,1775823911,14,8,skeleton,29,28,150,204.47
1775823707,kantee,1775823922,20,14,orc,29,14,150,215.6
1775823707,kantee,1775823933,20,14,orc,29,0,150,226.27
1775823707,kantee,1775823935,14,8,skeleton,29,0,150,228.96
1775823707,kantee,1775823939,20,14,orc,29,0,150,232.95
1775823707,kantee,1775823952,20,14,orc,29,0,150,245.28
1775823707,kantee,1775823959,14,8,skeleton,29,0,150,252.25
1775823707,kantee,1775823971,14,8,skeleton,29,0,150,264.48
1775823707,kantee,1775823974,20,14,orc,29,0,150,267.26
1775823707,kantee,1775824005,14,8,skeleton,29,0,150,298.43
1775823707,kantee,1775824030,14,8,skeleton,29,0,150,323.1
1775823707,kantee,1775824034,20,14,orc,29,0,150,327.88
1775823707,kantee,1775824048,20,14,orc,29,0,150,341.59
1775823707,kantee,1775824056,14,8,skeleton,29,0,150,349.6
1775823707,kantee,1775824060,14,8,skeleton,29,0,150,353.64
1775823707,kantee,1775824069,20,14,orc,29,0,150,362.64
1775823707,kantee,1775824076,14,8,skeleton,29,0,150,369.29
1775823707,kantee,1775824080,20,14,orc,29,0,150,373.03
1775866907,kantee,1775866920,6,4,slime,4,91,95,13.23
1775866907,kantee,1775866932,14,12,skeleton,7,83,95,25.46
1775866907,kantee,1775866935,6,4,slime,8,91,95,28.42
1775866907,kantee,1775866949,14,12,skeleton,12,83,95,42.81
1775866907,kantee,1775866952,14,12,skeleton,13,83,95,45.45
1775866907,kantee,1775866969,20,18,orc,18,77,95,62.19
1775866907,kantee,1775866977,14,12,skeleton,20,83,95,70.47
1775866907,kantee,1775867007,14,12,skeleton,28,83,95,100.56
1775866907,kantee,1775867011,20,18,orc,29,77,95,104.51
1775866907,kantee,1775867031,20,18,orc,30,77,95,124.8
1775866907,kantee,1775867050,14,12,skeleton,30,65,95,143.12
1775866907,kantee,1775867057,14,12,skeleton,30,53,95,150.12
1775866907,kantee,1775867084,14,12,skeleton,30,41,95,177.86
1775866907,kantee,1775867089,20,18,orc,30,23,95,182.5
1775866907,kantee,1775867102,20,18,orc,30,5,95,195.29
1775866907,kantee,1775867105,20,18,orc,30,0,95,198.01
1775866907,kantee,1775867108,20,18,orc,30,0,95,201.63
1775866907,kantee,1775867115,14,12,skeleton,30,0,95,208.96
1775866907,kantee,1775867119,20,18,orc,30,0,95,212.29
1775866907,kantee,1775867147,14,12,skeleton,30,0,95,240.88
1775866907,kantee,1775867155,20,18,orc,30,0,95,248.81
1775866907,kantee,1775867160,14,12,skeleton,30,0,95,253.21
1775866907,kantee,1775867166,20,18,orc,30,0,95,259.52
1775866907,kantee,1775867186,14,12,skeleton,30,0,95,279.44
1775866907,kantee,1775867191,14,12,skeleton,30,0,95,284.26
1775866907,kantee,1775867207,14,12,skeleton,30,0,95,300.38
1775866907,kantee,1775867233,20,18,orc,30,0,95,326.69
1775866907,kantee,1775867242,20,18,orc,30,0,95,335.02
1775866907,kantee,1775867246,20,18,orc,30,0,95,339.31
1775866907,kantee,1775867267,20,18,orc,30,0,95,360.22
1775866907,kantee,1775867270,20,18,orc,30,0,95,363.06
1775866907,kantee,1775867276,14,12,skeleton,30,0,95,369.44
1775866907,kantee,1775867308,20,18,orc,30,0,95,401.25
1775866907,kantee,1775867312,20,18,orc,30,0,95,405.5
1775866907,kantee,1775867315,20,18,orc,30,0,95,408.9
1775866907,kantee,1775867318,14,12,skeleton,30,0,95,411.51
1775910107,jeng,1775910123,14,12,skeleton,4,83,95,16.42
1775910107,jeng,1775910126,14,12,skeleton,5,83,95,19.56
1775910107,jeng,1775910139,6,4,slime,8,91,95,32.98
1775910107,jeng,1775910148,6,4,slime,10,91,95,41.89
1775910107,jeng,1775910152,14,12,skeleton,11,83,95,45.13
1775910107,jeng,1775910160,20,18,orc,13,77,95,53.3
1775910107,jeng,1775910168,6,4,slime,14,91,95,61.53
1775910107,jeng,1775910191,14,12,skeleton,14,79,95,84.69
1775910107,jeng,1775910194,14,12,skeleton,14,67,95,87.47
1775910107,jeng,1775910206,14,12,skeleton,14,55,95,99.4
1775910107,jeng,1775910214,14,12,skeleton,14,43,95,107.12
1775910107,jeng,1775910218,14,12,skeleton,14,31,95,111.22
1775910107,jeng,1775910222,20,18,orc,14,13,95,115.9
1775910107,jeng,1775910229,20,18,orc,14,0,95,122.45
1775910107,jeng,1775910255,14,12,skeleton,14,0,95,148.03
1775910107,jeng,1775910263,6,4,slime,14,0,95,156.39
1775910107,jeng,1775910272,14,12,skeleton,14,0,95,165.11
1775910107,jeng,1775910279,20,18,orc,14,0,95,172.34
1775910107,jeng,1775910281,14,12,skeleton,14,0,95,174.86
1775910107,jeng,1775910285,14,12,skeleton,14,0,95,178.2
1775910107,jeng,1775910296,20,18,orc,14,0,95,189.38
1775910107,jeng,1775910299,14,12,skeleton,14,0,95,192.89
1775910107,jeng,1775910308,14,12,skeleton,14,0,95,201.35
1775910107,jeng,1775910311,14,12,skeleton,14,0,95,204.82
1775910107,jeng,1775910323,20,18,orc,14,0,95,216.63
1775910107,jeng,1775910327,6,4,slime,14,0,95,220.43
1775953307,kantee,1775953307,6,1,slime,1,149,150,0.3
1775953307,kantee,1775953316,14,8,skeleton,2,142,150,9.24
1775953307,kantee,1775953323,14,8,skeleton,4,142,150,17.0
1775953307,kantee,1775953353,14,8,skeleton,12,142,150,46.54
1775953307,kantee,1775953357,14,8,skeleton,13,142,150,50.1
1775953307,kantee,1775953373,20,14,orc,17,136,150,66.08
1775953307,kantee,1775953379,20,14,orc,19,136,150,72.82
1775953307,kantee,1775953382,20,14,orc,20,136,150,75.61
1775953307,kantee,1775953397,20,14,orc,24,136,150,90.31
1775953307,kantee,1775953408,14,8,skeleton,27,142,150,101.35
1775953307,kantee,1775953415,20,14,orc,29,136,150,108.26
1775953307,kantee,1775953440,20,14,orc,30,136,150,133.99
1775953307,kantee,1775953447,14,8,skeleton,30,128,150,140.06
1775953307,kantee,1775953460,20,14,orc,30,114,150,153.95
1775953307,kantee,1775953463,14,8,skeleton,30,106,150,156.75
1775953307,kantee,1775953475,20,14,orc,30,92,150,168.44
1775953307,kantee,1775953510,20,14,orc,30,78,150,203.46
1775953307,kantee,1775953530,20,14,orc,30,64,150,223.29
1775953307,kantee,1775953533,14,8,skeleton,30,56,150,226.0
1775953307,kantee,1775953544,20,14,orc,30,42,150,237.81
1775953307,kantee,1775953557,20,14,orc,30,28,150,251.0
1775953307,kantee,1775953571,20,14,orc,30,14,150,264.44
1775953307,kantee,1775953592,14,8,skeleton,30,6,150,285.95
1775953307,kantee,1775953597,20,14,orc,30,0,150,290.59
1775953307,kantee,1775953601,14,8,skeleton,30,0,150,294.77
1775953307,kantee,1775953610,20,14,orc,30,0,150,303.48
1775953307,kantee,1775953614,20,14,orc,30,0,150,307.84
1775953307,kantee,1775953644,14,8,skeleton,30,0,150,337.45
1775953307,kantee,1775953656,20,14,orc,30,0,150,349.59
1775953307,kantee,1775953663,20,14,orc,30,0,150,356.03
1775953307,kantee,1775953666,14,8,skeleton,30,0,150,359.42
1775953307,kantee,1775953670,20,14,orc,30,0,150,363.47
1775953307,kantee,1775953673,14,8,skeleton,30,0,150,366.08
1775953307,kantee,1775953696,20,14,orc,30,0,150,389.5
1775953307,kantee,1775953703,20,14,orc,30,0,150,396.78
1775953307,kantee,1775953708,14,8,skeleton,30,0,150,401.5
1775953307,kantee,1775953714,14,8,skeleton,30,0,150,407.66
1775996507,kantee,1775996507,6,1,slime,1,149,150,0.3
1775996507,kantee,1775996510,6,1,slime,1,148,150,3.77
1775996507,kantee,1775996513,6,1,slime,2,149,150,6.66
1775996507,kantee,1775996539,14,8,skeleton,8,142,150,32.1
1775996507,kantee,1775996550,14,8,skeleton,11,142,150,43.25
1775996507,kantee,1775996558,20,14,orc,13,136,150,51.07
1775996507,kantee,1775996562,6,1,slime,14,149,150,55.26
1775996507,kantee,1775996581,20,14,orc,19,136,150,74.16
1775996507,kantee,1775996588,20,14,orc,21,136,150,81.38
1775996507,kantee,1775996593,20,14,orc,22,136,150,86.3
1775996507,kantee,1775996606,14,8,skeleton,25,142,150,99.19
1775996507,kantee,1775996613,20,14,orc,27,136,150,106.11
1775996507,kantee,1775996630,14,8,skeleton,27,128,150,123.96
1775996507,kantee,1775996638,20,14,orc,27,114,150,131.38
1775996507,kantee,1775996642,20,14,orc,27,100,150,135.62
1775996507,kantee,1775996651,14,8,skeleton,27,92,150,144.19
1775996507,kantee,1775996673,14,8,skeleton,27,84,150,166.18
1775996507,kantee,1775996675,20,14,orc,27,70,150,168.73
1775996507,kantee,1775996680,14,8,skeleton,27,62,150,173.66
1775996507,kantee,1775996705,20,14,orc,27,48,150,198.56
1775996507,kantee,1775996717,20,14,orc,27,34,150,210.65
1775996507,kantee,1775996728,14,8,skeleton,27,26,150,221.64
1775996507,kantee,1775996732,14,8,skeleton,27,18,150,225.37
1775996507,kantee,1775996741,14,8,skeleton,27,10,150,234.85
1775996507,kantee,1775996745,20,14,orc,27,0,150,238.67
1775996507,kantee,1775996752,20,14,orc,27,0,150,245.91
1775996507,kantee,1775996778,20,14,orc,27,0,150,271.98
1775996507,kantee,1775996782,20,14,orc,27,0,150,275.68
1775996507,kantee,1775996787,20,14,orc,27,0,150,280.15
1775996507,kantee,1775996793,20,14,orc,27,0,150,286.7
1775996507,kantee,1775996798,14,8,skeleton,27,0,150,291.41
1775996507,kantee,1775996830,14,8,skeleton,27,0,150,323.28
1775996507,kantee,1775996833,14,8,skeleton,27,0,150,326.35
1775996507,kantee,1775996843,20,14,orc,27,0,150,336.84
1775996507,kantee,1775996853,20,14,orc,27,0,150,346.28
1775996507,kantee,1775996867,20,14,orc,27,0,150,360.58
1775996507,kantee,1775996878,14,8,skeleton,27,0,150,371.89
1775996507,kantee,1775996886,20,14,orc,27,0,150,379.32
1776039707,tle,1776039717,6,3,slime,2,102,105,10.52
1776039707,tle,1776039720,6,3,slime,3,102,105,13.89
1776039707,tle,1776039728,14,11,skeleton,5,94,105,21.33
1776039707,tle,1776039733,6,3,slime,6,102,105,26.23
1776039707,tle,1776039736,14,11,skeleton,7,94,105,29.69
1776039707,tle,1776039739,6,3,slime,8,102,105,32.74
1776039707,tle,1776039754,6,3,slime,13,102,105,47.86
1776039707,tle,1776039763,20,17,orc,14,88,105,56.16
1776039707,tle,1776039781,14,11,skeleton,14,77,105,74.97
1776039707,tle,1776039805,6,3,slime,14,74,105,98.41
1776039707,tle,1776039808,14,11,skeleton,14,63,105,101.62
1776039707,tle,1776039815,20,17,orc,14,46,105,108.95
1776039707,tle,1776039826,14,11,skeleton,14,35,105,119.91
1776039707,tle,1776039854,20,17,orc,14,18,105,147.72
1776039707,tle,1776039858,20,17,orc,14,1,105,151.39
1776039707,tle,1776039871,14,11,skeleton,14,0,105,164.97
1776082907,kantee,1776082910,6,1,slime,2,149,150,3.61
1776082907,kantee,1776082915,6,1,slime,2,148,150,8.53
1776082907,kantee,1776082921,6,1,slime,4,149,150,15.0
1776082907,kantee,1776082933,14,8,skeleton,7,142,150,26.61
1776082907,kantee,1776082940,14,8,skeleton,9,142,150,33.25
1776082907,kantee,1776082972,20,14,orc,17,136,150,65.61
1776082907,kantee,1776082983,14,8,skeleton,20,142,150,76.31
1776082907,kantee,1776082991,20,14,orc,22,136,150,84.64
1776082907,kantee,1776082996,20,14,orc,23,136,150,89.18
1776082907,kantee,1776083026,20,14,orc,27,136,150,119.61
1776082907,kantee,1776083060,20,14,orc,27,122,150,153.35
1776082907,kantee,1776083065,20,14,orc,27,108,150,158.14
1776082907,kantee,1776083073,20,14,orc,27,94,150,166.44
1776082907,kantee,1776083086,14,8,skeleton,27,86,150,179.17
1776082907,kantee,1776083118,20,14,orc,27,72,150,211.82
1776082907,kantee,1776083125,14,8,skeleton,27,64,150,218.74
1776082907,kantee,1776083142,20,14,orc,27,50,150,235.16
1776082907,kantee,1776083150,14,8,skeleton,27,42,150,243.62
1776082907,kantee,1776083165,20,14,orc,27,28,150,258.94
1776082907,kantee,1776083169,14,8,skeleton,27,20,150,262.74
1776082907,kantee,1776083178,14,8,skeleton,27,12,150,271.48
1776082907,kantee,1776083183,20,14,orc,27,0,150,276.39
1776082907,kantee,1776083187,14,8,skeleton,27,0,150,280.04
1776082907,kantee,1776083201,14,8,skeleton,27,0,150,294.19
1776082907,kantee,1776083209,14,8,skeleton,27,0,150,302.47
1776082907,kantee,1776083218,14,8,skeleton,27,0,150,311.92
1776082907,kantee,1776083223,14,8,skeleton,27,0,150,316.38
1776082907,kantee,1776083227,14,8,skeleton,27,0,150,320.82
1776082907,kantee,1776083234,20,14,orc,27,0,150,327.69
1776082907,kantee,1776083250,20,14,orc,27,0,150,343.81
1776082907,kantee,1776083260,20,14,orc,27,0,150,353.16
1776082907,kantee,1776083271,14,8,skeleton,27,0,150,364.23
1776082907,kantee,1776083274,14,8,skeleton,27,0,150,367.61
1776082907,kantee,1776083283,20,14,orc,27,0,150,376.46
1776082907,kantee,1776083292,20,14,orc,27,0,150,385.88
1776126107,jeng,1776126107,6,2,slime,1,118,120,0.3
1776126107,jeng,1776126110,6,2,slime,1,116,120,3.57
1776126107,jeng,1776126119,6,2,slime,2,118,120,12.42
1776126107,jeng,1776126122,6,2,slime,3,118,120,15.47
1776126107,jeng,1776126129,14,10,skeleton,5,110,120,22.26
1776126107,jeng,1776126136,14,10,skeleton,7,110,120,29.76
1776126107,jeng,1776126144,6,2,slime,9,118,120,37.33
1776126107,jeng,1776126151,20,16,orc,11,104,120,44.15
1776126107,jeng,1776126161,6,2,slime,14,118,120,54.68
1776126107,jeng,1776126164,6,2,slime,15,118,120,57.24
1776126107,jeng,1776126167,20,16,orc,16,104,120,60.17
1776126107,jeng,1776126180,20,16,orc,19,104,120,73.44
1776126107,jeng,1776126191,20,16,orc,22,104,120,84.91
1776126107,jeng,1776126204,20,16,orc,25,104,120,97.53
1776126107,jeng,1776126208,20,16,orc,25,88,120,101.56
1776126107,jeng,1776126225,14,10,skeleton,25,78,120,118.41
1776126107,jeng,1776126227,20,16,orc,25,62,120,120.93
1776126107,jeng,1776126245,20,16,orc,25,46,120,138.63
1776126107,jeng,1776126252,14,10,skeleton,25,36,120,145.21
1776126107,jeng,1776126255,14,10,skeleton,25,26,120,148.98
1776126107,jeng,1776126260,20,16,orc,25,10,120,153.33
1776126107,jeng,1776126263,14,10,skeleton,25,0,120,156.12
1776126107,jeng,1776126270,20,16,orc,25,0,120,163.59
1776126107,jeng,1776126300,20,16,orc,25,0,120,193.25
1776126107,jeng,1776126303,20,16,orc,25,0,120,196.35
1776126107,jeng,1776126308,20,16,orc,25,0,120,201.02
1776126107,jeng,1776126312,20,16,orc,25,0,120,205.48
1776126107,jeng,1776126321,14,10,skeleton,25,0,120,214.53
1776126107,jeng,1776126339,14,10,skeleton,25,0,120,232.47
1776126107,jeng,1776126373,20,16,orc,25,0,120,266.47
1776126107,jeng,1776126383,20,16,orc,25,0,120,276.49
1776126107,jeng,1776126386,20,16,orc,25,0,120,279.86
1776126107,jeng,1776126389,20,16,orc,25,0,120,282.49
1776126107,jeng,1776126414,14,10,skeleton,25,0,120,307.47
1776126107,jeng,1776126417,20,16,orc,25,0,120,310.81
1776126107,jeng,1776126425,20,16,orc,25,0,120,318.57
1776169307,kantee,1776169322,6,1,slime,3,149,150,15.72
1776169307,kantee,1776169330,6,1,slime,5,149,150,23.11
1776169307,kantee,1776169341,14,8,skeleton,8,142,150,34.69
1776169307,kantee,1776169345,6,1,slime,9,149,150,38.5
1776169307,kantee,1776169355,14,8,skeleton,9,141,150,48.43
1776169307,kantee,1776169371,14,8,skeleton,9,133,150,64.05
1776169307,kantee,1776169396,14,8,skeleton,9,125,150,89.78
1776169307,kantee,1776169400,14,8,skeleton,9,117,150,93.11
1776169307,kantee,1776169410,14,8,skeleton,9,109,150,103.67
1776169307,kantee,1776169413,14,8,skeleton,9,101,150,106.97
1776169307,kantee,1776169425,14,8,skeleton,9,93,150,118.37
1776169307,kantee,1776169437,14,8,skeleton,9,85,150,130.31
1776212507,kantee,1776212511,6,3,slime,1,102,105,4.85
1776212507,kantee,1776212514,14,11,skeleton,2,94,105,7.89
1776212507,kantee,1776212520,6,3,slime,4,102,105,13.87
1776212507,kantee,1776212527,14,11,skeleton,6,94,105,20.73
1776212507,kantee,1776212542,6,3,slime,10,102,105,35.91
1776212507,kantee,1776212550,14,11,skeleton,12,94,105,43.15
1776212507,kantee,1776212562,14,11,skeleton,15,94,105,55.4
1776212507,kantee,1776212566,14,11,skeleton,16,94,105,59.63
1776212507,kantee,1776212584,20,17,orc,20,88,105,77.58
1776212507,kantee,1776212587,14,11,skeleton,21,94,105,80.88
1776212507,kantee,1776212600,20,17,orc,23,88,105,93.33
1776212507,kantee,1776212606,20,17,orc,23,71,105,99.83
1776212507,kantee,1776212610,20,17,orc,23,54,105,103.88
1776212507,kantee,1776212619,20,17,orc,23,37,105,112.78
1776212507,kantee,1776212628,20,17,orc,23,20,105,121.33
1776212507,kantee,1776212642,20,17,orc,23,3,105,135.09
1776212507,kantee,1776212645,14,11,skeleton,23,0,105,138.11
1776212507,kantee,1776212649,20,17,orc,23,0,105,142.36
1776212507,kantee,1776212655,14,11,skeleton,23,0,105,148.44
1776212507,kantee,1776212659,20,17,orc,23,0,105,152.58
1776212507,kantee,1776212669,20,17,orc,23,0,105,162.37
1776212507,kantee,1776212693,20,17,orc,23,0,105,186.29
1776212507,kantee,1776212712,20,17,orc,23,0,105,205.42
1776212507,kantee,1776212727,20,17,orc,23,0,105,220.47
1776212507,kantee,1776212731,20,17,orc,23,0,105,224.36
1776212507,kantee,1776212735,20,17,orc,23,0,105,228.44
1776212507,kantee,1776212745,20,17,orc,23,0,105,238.55
1776212507,kantee,1776212759,20,17,orc,23,0,105,252.09
1776212507,kantee,1776212768,20,17,orc,23,0,105,261.38
1776212507,kantee,1776212791,20,17,orc,23,0,105,284.41
1776212507,kantee,1776212796,14,11,skeleton,23,0,105,289.31
1776212507,kantee,1776212814,20,17,orc,23,0,105,307.3
1776212507,kantee,1776212817,14,11,skeleton,23,0,105,310.22
1776212507,kantee,1776212826,20,17,orc,23,0,105,319.46
1776212507,kantee,1776212829,20,17,orc,23,0,105,322.2
1776212507,kantee,1776212831,20,17,orc,23,0,105,324.7
1776255707,kantee,1776255707,6,1,slime,1,149,150,0.3
1776255707,kantee,1776255725,14,8,skeleton,4,142,150,18.08
1776255707,kantee,1776255729,14,8,skeleton,5,142,150,22.75
1776255707,kantee,1776255746,6,1,slime,9,149,150,39.8
1776255707,kantee,1776255770,20,14,orc,14,136,150,63.3
1776255707,kantee,1776255785,20,14,orc,19,136,150,78.28
1776255707,kantee,1776255795,20,14,orc,22,136,150,88.43
1776255707,kantee,1776255799,14,8,skeleton,23,142,150,92.52
1776255707,kantee,1776255806,14,8,skeleton,25,142,150,99.78
1776255707,kantee,1776255817,20,14,orc,28,136,150,110.71
1776255707,kantee,1776255820,14,8,skeleton,29,142,150,113.68
1776255707,kantee,1776255825,20,14,orc,29,128,150,118.44
1776255707,kantee,1776255830,20,14,orc,29,114,150,123.44
1776255707,kantee,1776255848,20,14,orc,29,100,150,141.2
1776255707,kantee,1776255863,20,14,orc,29,86,150,156.64
1776255707,kantee,1776255867,14,8,skeleton,29,78,150,160.58
1776255707,kantee,1776255881,20,14,orc,29,64,150,174.18
1776255707,kantee,1776255891,20,14,orc,29,50,150,184.19
1776255707,kantee,1776255902,20,14,orc,29,36,150,195.12
1776255707,kantee,1776255911,20,14,orc,29,22,150,204.82
1776255707,kantee,1776255923,14,8,skeleton,29,14,150,216.06
1776255707,kantee,1776255927,20,14,orc,29,0,150,220.82
1776255707,kantee,1776255932,20,14,orc,29,0,150,225.56
1776255707,kantee,1776255936,20,14,orc,29,0,150,229.73
1776255707,kantee,1776255944,20,14,orc,29,0,150,237.83
1776255707,kantee,1776255949,20,14,orc,29,0,150,242.68
1776255707,kantee,1776255953,20,14,orc,29,0,150,246.59
1776255707,kantee,1776255965,20,14,orc,29,0,150,258.84
1776255707,kantee,1776255969,20,14,orc,29,0,150,262.03
1776255707,kantee,1776255976,20,14,orc,29,0,150,269.83
1776255707,kantee,1776255981,14,8,skeleton,29,0,150,274.03
1776255707,kantee,1776255984,20,14,orc,29,0,150,277.84
1776255707,kantee,1776256009,14,8,skeleton,29,0,150,302.58
1776255707,kantee,1776256023,20,14,orc,29,0,150,316.51
1776255707,kantee,1776256067,20,14,orc,29,0,150,360.91
1776298907,jeng,1776298914,14,10,skeleton,2,110,120,7.78
1776298907,jeng,1776298921,14,10,skeleton,4,110,120,14.41
1776298907,jeng,1776298932,14,10,skeleton,7,110,120,25.29
1776298907,jeng,1776298936,14,10,skeleton,8,110,120,29.49
1776298907,jeng,1776298954,14,10,skeleton,13,110,120,47.59
1776298907,jeng,1776298957,20,16,orc,14,104,120,50.31
1776298907,jeng,1776298963,20,16,orc,16,104,120,56.5
1776298907,jeng,1776298983,20,16,orc,21,104,120,76.99
1776298907,jeng,1776298993,20,16,orc,23,104,120,86.96
1776298907,jeng,1776298998,20,16,orc,23,88,120,91.47
1776298907,jeng,1776299004,20,16,orc,23,72,120,97.3
1776298907,jeng,1776299012,20,16,orc,23,56,120,105.11
1776298907,jeng,1776299019,20,16,orc,23,40,120,112.69
1776298907,jeng,1776299024,20,16,orc,23,24,120,117.62
1776298907,jeng,1776299059,20,16,orc,23,8,120,152.35
1776298907,jeng,1776299066,14,10,skeleton,23,0,120,159.41
1776298907,jeng,1776299074,20,16,orc,23,0,120,167.27
1776298907,jeng,1776299091,20,16,orc,23,0,120,184.37
1776298907,jeng,1776299101,20,16,orc,23,0,120,194.17
1776298907,jeng,1776299124,14,10,skeleton,23,0,120,217.2
1776298907,jeng,1776299132,20,16,orc,23,0,120,225.43
1776298907,jeng,1776299135,20,16,orc,23,0,120,228.58
1776298907,jeng,1776299138,14,10,skeleton,23,0,120,231.48
1776298907,jeng,1776299168,14,10,skeleton,23,0,120,261.95
1776298907,jeng,1776299173,20,16,orc,23,0,120,266.55
1776298907,jeng,1776299186,20,16,orc,23,0,120,279.29
1776298907,jeng,1776299201,14,10,skeleton,23,0,120,294.51
1776298907,jeng,1776299210,20,16,orc,23,0,120,303.79
1776342107,kantee,1776342107,6,1,slime,1,149,150,0.3
1776342107,kantee,1776342119,6,1,slime,3,149,150,12.33
1776342107,kantee,1776342126,14,8,skeleton,5,142,150,19.39
1776342107,kantee,1776342131,14,8,skeleton,6,142,150,24.13
1776342107,kantee,1776342154,6,1,slime,12,149,150,47.4
1776342107,kantee,1776342158,14,8,skeleton,13,142,150,51.43
1776342107,kantee,1776342161,20,14,orc,14,136,150,54.66
1776342107,kantee,1776342165,6,1,slime,15,149,150,58.46
1776342107,kantee,1776342169,14,8,skeleton,16,142,150,62.2
1776342107,kantee,1776342206,14,8,skeleton,16,134,150,99.82
1776342107,kantee,1776342211,20,14,orc,16,120,150,104.27
1776342107,kantee,1776342231,14,8,skeleton,16,112,150,124.39
1776342107,kantee,1776342236,20,14,orc,16,98,150,129.27
1776342107,kantee,1776342241,20,14,orc,16,84,150,134.05
1776342107,kantee,1776342263,20,14,orc,16,70,150,156.71
1776385307,jeng,1776385311,6,1,slime,1,149,150,4.08
1776385307,jeng,1776385314,6,1,slime,2,149,150,7.56
1776385307,jeng,1776385343,14,8,skeleton,8,142,150,36.99
1776385307,jeng,1776385363,20,14,orc,13,136,150,56.17
1776385307,jeng,1776385371,20,14,orc,15,136,150,64.59
1776385307,jeng,1776385375,14,8,skeleton,16,142,150,68.29
1776385307,jeng,1776385383,20,14,orc,18,136,150,76.56
1776385307,jeng,1776385393,20,14,orc,21,136,150,86.82
1776385307,jeng,1776385401,14,8,skeleton,23,142,150,94.94
1776385307,jeng,1776385406,20,14,orc,23,128,150,99.8
1776385307,jeng,1776385418,20,14,orc,23,114,150,111.13
1776385307,jeng,1776385458,14,8,skeleton,23,106,150,151.79
1776385307,jeng,1776385466,20,14,orc,23,92,150,159.12
1776385307,jeng,1776385479,20,14,orc,23,78,150,172.33
1776385307,jeng,1776385499,20,14,orc,23,64,150,192.97
1776385307,jeng,1776385503,20,14,orc,23,50,150,196.3
1776385307,jeng,1776385512,14,8,skeleton,23,42,150,205.09
1776385307,jeng,1776385516,20,14,orc,23,28,150,209.06
1776385307,jeng,1776385520,14,8,skeleton,23,20,150,213.1
1776385307,jeng,1776385524,20,14,orc,23,6,150,217.27
1776385307,jeng,1776385544,20,14,orc,23,0,150,237.06
1776385307,jeng,1776385556,14,8,skeleton,23,0,150,249.81
1776385307,jeng,1776385562,20,14,orc,23,0,150,255.33
1776385307,jeng,1776385592,14,8,skeleton,23,0,150,285.63
1776385307,jeng,1776385596,14,8,skeleton,23,0,150,289.24
1776385307,jeng,1776385598,20,14,orc,23,0,150,291.96
1776385307,jeng,1776385606,20,14,orc,23,0,150,299.92
1776385307,jeng,1776385610,14,8,skeleton,23,0,150,303.32
1776428507,kantee,1776428510,14,12,skeleton,1,83,95,3.63
1776428507,kantee,1776428523,14,12,skeleton,5,83,95,16.22
1776428507,kantee,1776428529,6,4,slime,7,91,95,22.83
1776428507,kantee,1776428541,14,12,skeleton,11,83,95,34.65
1776428507,kantee,1776428563,20,18,orc,17,77,95,56.65
1776428507,kantee,1776428567,20,18,orc,18,77,95,60.2
1776428507,kantee,1776428613,20,18,orc,26,77,95,106.18
1776428507,kantee,1776428621,20,18,orc,26,59,95,114.83
1776428507,kantee,1776428634,20,18,orc,26,41,95,127.5
1776428507,kantee,1776428645,14,12,skeleton,26,29,95,138.58
1776428507,kantee,1776428657,20,18,orc,26,11,95,150.81
1776428507,kantee,1776428669,20,18,orc,26,0,95,162.77
1776428507,kantee,1776428674,14,12,skeleton,26,0,95,167.23
1776428507,kantee,1776428687,20,18,orc,26,0,95,180.26
1776428507,kantee,1776428691,20,18,orc,26,0,95,184.92
1776428507,kantee,1776428712,14,12,skeleton,26,0,95,205.12
1776428507,kantee,1776428735,14,12,skeleton,26,0,95,228.55
1776428507,kantee,1776428739,20,18,orc,26,0,95,232.26
1776428507,kantee,1776428746,14,12,skeleton,26,0,95,239.3
1776428507,kantee,1776428756,20,18,orc,26,0,95,249.66
1776428507,kantee,1776428761,20,18,orc,26,0,95,254.37
1776428507,kantee,1776428764,14,12,skeleton,26,0,95,257.92
1776428507,kantee,1776428768,20,18,orc,26,0,95,261.37
1776428507,kantee,1776428807,20,18,orc,26,0,95,300.38
1776428507,kantee,1776428811,20,18,orc,26,0,95,304.89
1776428507,kantee,1776428818,14,12,skeleton,26,0,95,311.32
1776428507,kantee,1776428825,14,12,skeleton,26,0,95,318.19
1776428507,kantee,1776428829,20,18,orc,26,0,95,322.63
1776428507,kantee,1776428833,20,18,orc,26,0,95,326.29
1776428507,kantee,1776428837,20,18,orc,26,0,95,330.83
1776428507,kantee,1776428851,14,12,skeleton,26,0,95,344.11
1776471707,jeng,1776471707,6,1,slime,1,149,150,0.3
1776471707,jeng,1776471740,14,8,skeleton,8,142,150,33.91
1776471707,jeng,1776471749,14,8,skeleton,10,142,150,42.11
1776471707,jeng,1776471760,20,14,orc,13,136,150,53.11
1776471707,jeng,1776471762,20,14,orc,14,136,150,55.7
1776471707,jeng,1776471773,14,8,skeleton,17,142,150,66.2
1776471707,jeng,1776471777,20,14,orc,18,136,150,70.53
1776471707,jeng,1776471781,14,8,skeleton,19,142,150,74.05
1776471707,jeng,1776471821,14,8,skeleton,26,142,150,114.44
1776471707,jeng,1776471824,14,8,skeleton,26,134,150,117.85
1776471707,jeng,1776471829,14,8,skeleton,26,126,150,122.19
1776471707,jeng,1776471838,20,14,orc,26,112,150,131.6
1776471707,jeng,1776471861,14,8,skeleton,26,104,150,154.54
1776471707,jeng,1776471870,14,8,skeleton,26,96,150,163.51
1776471707,jeng,1776471874,14,8,skeleton,26,88,150,167.13
1776471707,jeng,1776471881,14,8,skeleton,26,80,150,174.21
1776471707,jeng,1776471895,20,14,orc,26,66,150,188.2
1776471707,jeng,1776471898,20,14,orc,26,52,150,191.79
1776471707,jeng,1776471905,14,8,skeleton,26,44,150,198.8
1776471707,jeng,1776471908,20,14,orc,26,30,150,201.68
1776471707,jeng,1776471911,20,14,orc,26,16,150,204.46
1776471707,jeng,1776471943,20,14,orc,26,2,150,236.62
1776471707,jeng,1776471947,14,8,skeleton,26,0,150,240.36
1776471707,jeng,1776471950,14,8,skeleton,26,0,150,243.97
1776471707,jeng,1776471956,20,14,orc,26,0,150,249.28
1776471707,jeng,1776471964,14,8,skeleton,26,0,150,257.46
1776471707,jeng,1776471968,20,14,orc,26,0,150,261.4
1776471707,jeng,1776471979,20,14,orc,26,0,150,272.52
1776471707,jeng,1776471991,20,14,orc,26,0,150,284.03
1776471707,jeng,1776471998,14,8,skeleton,26,0,150,291.58
1776471707,jeng,1776472014,14,8,skeleton,26,0,150,307.43
1776471707,jeng,1776472030,14,8,skeleton,26,0,150,323.01
1776514907,kantee,1776514907,6,1,slime,1,149,150,0.3
1776514907,kantee,1776514910,6,1,slime,1,148,150,3.5
1776514907,kantee,1776514933,14,8,skeleton,6,142,150,26.13
1776514907,kantee,1776514950,6,1,slime,11,149,150,43.75
1776514907,kantee,1776514969,14,8,skeleton,13,142,150,62.76
1776514907,kantee,1776514974,20,14,orc,13,128,150,67.63
1776514907,kantee,1776514978,20,14,orc,13,114,150,71.32
1776514907,kantee,1776514986,6,1,slime,13,113,150,79.23
1776514907,kantee,1776515026,14,8,skeleton,13,105,150,119.42
1776514907,kantee,1776515032,20,14,orc,13,91,150,125.96
1776514907,kantee,1776515039,14,8,skeleton,13,83,150,132.11
1776558107,tle,1776558123,6,4,slime,3,91,95,16.45
1776558107,tle,1776558141,14,12,skeleton,8,83,95,34.59
1776558107,tle,1776558157,14,12,skeleton,13,83,95,50.5
1776558107,tle,1776558167,20,18,orc,16,77,95,60.89
1776558107,tle,1776558171,14,12,skeleton,17,83,95,64.79
1776558107,tle,1776558176,20,18,orc,18,77,95,69.3
1776558107,tle,1776558190,20,18,orc,19,77,95,83.42
1776558107,tle,1776558198,14,12,skeleton,19,65,95,91.33
1776558107,tle,1776558209,20,18,orc,19,47,95,102.44
1776558107,tle,1776558219,14,12,skeleton,19,35,95,112.51
1776558107,tle,1776558222,14,12,skeleton,19,23,95,115.89
1776558107,tle,1776558226,20,18,orc,19,5,95,119.38
1776558107,tle,1776558242,20,18,orc,19,0,95,135.85
1776558107,tle,1776558251,20,18,orc,19,0,95,144.23
1776558107,tle,1776558261,20,18,orc,19,0,95,154.25
1776558107,tle,1776558268,14,12,skeleton,19,0,95,161.36
1776558107,tle,1776558275,20,18,orc,19,0,95,168.47
1776558107,tle,1776558284,20,18,orc,19,0,95,177.19
1776558107,tle,1776558295,20,18,orc,19,0,95,188.23
1776558107,tle,1776558302,20,18,orc,19,0,95,195.33
1776558107,tle,1776558306,20,18,orc,19,0,95,199.67
1776558107,tle,1776558317,20,18,orc,19,0,95,210.38
1776558107,tle,1776558319,20,18,orc,19,0,95,212.93
1776558107,tle,1776558323,20,18,orc,19,0,95,216.91
1776558107,tle,1776558326,14,12,skeleton,19,0,95,219.81
1776558107,tle,1776558331,14,12,skeleton,19,0,95,224.24
1776558107,tle,1776558339,14,12,skeleton,19,0,95,232.03
1776558107,tle,1776558346,20,18,orc,19,0,95,239.03
1776558107,tle,1776558355,20,18,orc,19,0,95,248.24
1776558107,tle,1776558364,14,12,skeleton,19,0,95,257.62
1776601945,fu,1776602021.97,11,6,slime,8,156,162,63.5
1776601945,fu,1776602063.77,18,13,mini_boss_1,11,167,180,105.3
1776601945,fu,1776602065.01,18,13,mini_boss_1,11,154,180,106.55
1776601945,fu,1776602066.17,20,13,mini_boss_1,11,141,180,107.71
1776601945,fu,1776602072.09,20,15,mini_boss_1,11,126,180,113.62
1776601945,fu,1776602073.93,20,15,mini_boss_1,11,111,180,115.46
1776601945,fu,1776602094.31,16,1,slime,13,277,278,134.99
1776601945,fu,1776602103.64,41,19,skeleton,15,279,298,144.33
1776601945,fu,1776602108.01,41,19,skeleton,15,260,298,148.7
1776601945,fu,1776602109.56,43,21,skeleton,15,239,298,150.25
1776601945,fu,1776602113.44,45,22,skeleton,16,286,308,154.12
1776601945,fu,1776602145.48,71,44,orc,20,304,348,186.16
1776601945,fu,1776602146.99,62,35,orc,20,269,348,187.68
1776601945,fu,1776602150.03,15,1,slime,21,357,358,190.71
1776601945,fu,1776602151.23,15,1,slime,21,356,358,191.91
1776601945,fu,1776602172.07,28,1,mini_boss_2,22,367,368,212.76
1776601945,fu,1776602172.78,28,1,mini_boss_2,22,366,368,213.46
1776601945,fu,1776602188.66,86,56,orc,23,304,378,229.35
1776601945,fu,1776602197.16,62,31,skeleton,24,357,388,237.84
1776601945,fu,1776602200.27,88,57,orc,24,300,388,240.96
1776601945,fu,1776602201.01,88,56,orc,25,342,398,241.69
1776601945,fu,1776602203.02,88,56,orc,25,286,398,243.7
1776601945,fu,1776602212.76,92,58,orc,27,360,418,253.44
1776601945,fu,1776602222.33,101,65,orc,29,373,438,263.01
1776601945,fu,1776602224.37,101,65,orc,29,308,438,265.06
1776601945,fu,1776602225.43,104,67,orc,30,381,448,266.11
1776601945,fu,1776602227.88,104,67,orc,30,314,448,268.56
1776601945,fu,1776602242.12,35,1,final_boss,30,312,448,282.8
1776601945,fu,1776602249.65,46,9,final_boss,30,275,448,290.33
1776630938,dd,1776631003.7,10,5,slime,6,145,150,49.15
1776630938,dd,1776631016.24,26,21,skeleton,8,141,162,61.69
1776630938,dd,1776631043.26,30,25,skeleton,10,149,174,88.7
1776630938,dd,1776631047.8,10,5,slime,10,144,174,93.24
1776630938,dd,1776631056.18,13,8,slime,11,172,180,101.62
1776630938,dd,1776631057.39,13,8,slime,11,164,180,102.83
1776630938,dd,1776631105.4,18,13,mini_boss_1,12,173,186,150.83
1776630938,dd,1776631110.43,18,13,mini_boss_1,12,160,186,155.87
1776630938,dd,1776631111.45,18,13,mini_boss_1,12,147,186,156.88
1776630938,dd,1776631112.46,18,13,mini_boss_1,12,134,186,157.89
1776630938,dd,1776631113.46,18,13,mini_boss_1,12,121,186,158.89
1776630938,dd,1776631119.69,20,15,mini_boss_1,12,68,186,165.13
1776630938,dd,1776631120.7,20,15,mini_boss_1,12,53,186,166.14
1776632826,rad,1776632846.4,6,1,slime,1,119,120,9.62
1776632826,rad,1776632861.05,6,1,slime,2,125,126,24.27
1776632826,rad,1776632865.76,6,1,slime,2,124,126,28.98
1776632826,rad,1776632866.96,6,1,slime,2,123,126,30.18
1776632826,rad,1776632868.16,6,1,slime,2,122,126,31.38
1776632826,rad,1776632869.36,6,1,slime,2,121,126,32.58
1776632826,rad,1776632871.25,6,1,slime,3,131,132,34.47
1776632826,rad,1776632875.26,6,1,slime,3,130,132,38.48
1776632826,rad,1776632877.36,18,13,skeleton,4,125,138,40.58
1776632826,rad,1776632878.22,7,2,slime,4,123,138,41.44
1776632826,rad,1776632881.4,20,15,skeleton,5,129,144,44.62
1776632826,rad,1776632887.48,6,1,slime,6,149,150,50.7
1776632826,rad,1776632889.89,6,1,slime,6,148,150,53.11
1776632826,rad,1776632891.1,6,1,slime,6,147,150,54.32
1776632826,rad,1776632892.3,6,1,slime,6,146,150,55.52
1776632826,rad,1776632895.31,6,1,slime,6,145,150,58.54
1776632826,rad,1776632897.06,10,5,slime,6,140,150,60.28
1776632826,rad,1776632898.28,10,5,slime,6,135,150,61.5
1776632826,rad,1776632901.16,24,19,skeleton,6,116,150,64.38
1776632826,rad,1776632910.63,20,15,skeleton,7,141,156,73.85
1776632826,rad,1776632936.02,12,7,slime,9,161,168,99.24
1776632826,rad,1776632941.5,6,1,slime,9,160,168,104.73
1776632826,rad,1776632951.38,13,8,slime,10,166,174,114.6
1776632826,rad,1776632955.14,6,1,slime,10,165,174,118.36
1776632826,rad,1776632957.78,24,19,skeleton,11,161,180,121.0
1776632826,rad,1776632959.09,24,19,skeleton,11,142,180,122.31
1776632826,rad,1776632962.74,10,5,slime,11,137,180,125.96
1776632826,rad,1776632968.73,22,17,mini_boss_1_cursed,12,169,186,131.95
1776632826,rad,1776632970.51,22,17,mini_boss_1_cursed,12,152,186,133.73
1776632826,rad,1776632971.35,22,17,mini_boss_1_cursed,12,135,186,134.57
1776632826,rad,1776632973.07,22,17,mini_boss_1_cursed,12,118,186,136.29
1776632826,rad,1776632984.15,25,20,mini_boss_1_cursed,12,98,186,147.37
1776632826,rad,1776633003.55,16,1,slime,14,163,164,164.63
1776632826,rad,1776633007.72,39,22,skeleton,14,141,164,168.8
1776632826,rad,1776633011.19,41,24,skeleton,14,117,164,172.28
1776632826,rad,1776633012.29,41,24,skeleton,14,93,164,173.38
1776632826,rad,1776633019.65,59,42,orc,15,126,168,180.74
1776632826,rad,1776633023.1,43,26,skeleton,15,100,168,184.19
1776632826,rad,1776633024.29,41,24,skeleton,15,76,168,185.38
1776632826,rad,1776633025.39,41,24,skeleton,15,52,168,186.48
1776632826,rad,1776633055.55,41,24,skeleton,18,156,180,216.64
1776632826,rad,1776633084.02,34,17,mini_boss_2_shadow,20,171,188,245.11
1776632826,rad,1776633087.49,34,17,mini_boss_2_shadow,20,154,188,248.58
1776632826,rad,1776633088.3,34,17,mini_boss_2_shadow,20,137,188,249.39
1776632826,rad,1776633096.09,51,34,skeleton,20,103,188,257.17
1776632826,rad,1776633107.29,49,32,skeleton,20,30,188,268.37
1776632826,rad,1776633129.36,80,63,orc,22,133,196,290.44
1776632826,rad,1776633134.74,56,39,skeleton,22,94,196,295.82
1776632826,rad,1776633152.5,62,45,orc,24,159,204,313.58
1776632826,rad,1776633154.06,60,43,skeleton,24,116,204,315.15
1776632826,rad,1776633155.86,56,39,skeleton,24,77,204,316.94
1776632826,rad,1776633161.27,45,28,skeleton,24,49,204,322.36
1776632826,rad,1776633191.45,71,54,orc,26,158,212,352.54
1776632826,rad,1776633199.05,71,54,orc,26,104,212,360.13
1776632826,rad,1776633211.4,62,45,skeleton,26,59,212,372.49
1776632826,rad,1776633214.18,60,43,skeleton,26,16,212,375.26
1776632826,rad,1776633236.65,62,45,skeleton,26,0,212,397.73
1776633279,rad,1776633315.23,6,1,slime,3,131,132,35.3
1776633279,rad,1776633315.91,18,13,skeleton,3,118,132,35.99
1776633279,rad,1776633324.26,8,3,slime,4,135,138,44.33
1776633279,rad,1776633354.69,10,5,slime,7,151,156,74.76
1776633279,rad,1776633359.69,11,6,slime,7,145,156,79.76
1776633279,rad,1776633364.99,6,1,slime,7,144,156,85.06
1776633279,rad,1776633366.58,11,6,slime,7,138,156,86.65
1776633279,rad,1776633371.58,12,7,slime,8,155,162,91.65
1776633279,rad,1776633373.88,18,13,skeleton,8,142,162,93.95
1776633279,rad,1776633374.38,12,7,slime,8,135,162,94.45
1776633279,rad,1776633387.22,13,8,slime,9,160,168,107.29
1776633279,rad,1776633396.15,13,8,slime,10,166,174,116.23
1776633279,rad,1776633396.89,9,4,slime,11,176,180,116.96
1776633279,rad,1776633403.15,22,17,skeleton,11,159,180,123.22
1776633279,rad,1776633436.49,16,11,mini_boss_1_colossus,12,175,186,156.57
1776633279,rad,1776633439.49,16,11,mini_boss_1_colossus,12,164,186,159.56
1776633279,rad,1776633443.59,18,11,mini_boss_1_colossus,12,153,186,163.67
1776633279,rad,1776633453.45,18,13,mini_boss_1_colossus,12,140,186,173.53
1776633279,rad,1776633455.3,18,13,mini_boss_1_colossus,12,127,186,175.38
1776633279,rad,1776633456.52,18,13,mini_boss_1_colossus,12,114,186,176.59
1776633279,rad,1776633458.95,18,13,mini_boss_1_colossus,12,85,186,179.02
1776633279,rad,1776633482.19,16,1,slime,13,275,276,199.57
1776633279,rad,1776633491.34,59,38,orc,14,248,286,208.71
1776633279,rad,1776633493.5,59,38,orc,14,210,286,210.88
1776633279,rad,1776633494.51,59,38,orc,14,172,286,211.89
1776633279,rad,1776633502.01,43,20,skeleton,16,286,306,219.39
1776633279,rad,1776633530.35,68,41,orc,20,305,346,247.73
1776633279,rad,1776633531.36,68,41,orc,20,264,346,248.74
1776633279,rad,1776633532.36,68,40,orc,21,316,356,249.74
1776633279,rad,1776633533.37,68,40,orc,21,276,356,250.75
1776633279,rad,1776633576.38,71,42,orc,22,324,366,293.76
1776633279,rad,1776633584.34,59,29,orc,23,347,376,301.72
1776633279,rad,1776633595.19,30,1,mini_boss_2_alpha,23,346,376,312.57
1776633279,rad,1776633611.95,39,9,mini_boss_2_alpha,23,309,376,329.33
1776633279,rad,1776633613.93,39,9,mini_boss_2_alpha,23,272,376,331.31
1776633279,rad,1776633615.33,39,9,mini_boss_2_alpha,23,263,376,332.71
1776633279,rad,1776633616.7,39,9,mini_boss_2_alpha,23,254,376,334.08
1776633279,rad,1776633617.37,39,9,mini_boss_2_alpha,23,245,376,334.75
1776633279,rad,1776633619.32,39,9,mini_boss_2_alpha,23,208,376,336.7
1776633279,rad,1776633619.99,39,9,mini_boss_2_alpha,23,199,376,337.37
1776633279,rad,1776633621.95,39,9,mini_boss_2_alpha,23,162,376,339.33
1776633279,rad,1776633622.71,39,9,mini_boss_2_alpha,23,153,376,340.09
1776633279,rad,1776633624.66,39,9,mini_boss_2_alpha,23,116,376,342.04
1776633279,rad,1776633627.29,39,9,mini_boss_2_alpha,23,79,376,344.67
1776633279,rad,1776633644.7,64,31,skeleton,26,375,406,362.07
1776633279,rad,1776633647.56,92,59,orc,26,316,406,364.94
1776633279,rad,1776633654.99,95,60,orc,28,366,426,372.37
1776633279,rad,1776633666.4,101,65,orc,29,371,436,383.78
1776633279,rad,1776633672.41,72,36,skeleton,29,335,436,389.79
1776633279,rad,1776633676.17,72,35,skeleton,30,411,446,393.55
1776633279,rad,1776633718.85,64,27,skeleton,30,384,446,436.22
1776633279,rad,1776633743.95,48,11,final_boss_berserker,30,372,446,461.33
1776633279,rad,1776633746.5,48,11,final_boss_berserker,30,331,446,463.87
1776633279,rad,1776633752.77,48,11,final_boss_berserker,30,318,446,470.15
1776633279,rad,1776633753.5,48,11,final_boss_berserker,30,307,446,470.88
1776633279,rad,1776633756.29,48,11,final_boss_berserker,30,266,446,473.67
1776633279,rad,1776633760.12,55,18,final_boss_berserker,30,247,446,477.5
1776633279,rad,1776633762.09,55,18,final_boss_berserker,30,229,446,479.47
1776633279,rad,1776633762.81,55,18,final_boss_berserker,30,211,446,480.19
1776636567,nine,1776636629.29,8,3,slime,4,135,138,35.27
1776636567,nine,1776636661.12,10,5,slime,8,157,162,67.1
1776636567,nine,1776636679.86,30,25,skeleton,10,149,174,85.84
1776636567,nine,1776636688.84,18,13,skeleton,11,167,180,94.81
1776636567,nine,1776636690.55,18,13,skeleton,11,154,180,96.53
1776636567,nine,1776636692.52,24,19,skeleton,11,135,180,98.5
1776636567,nine,1776636707.37,22,17,mini_boss_1_cursed,12,169,186,113.35
1776636567,nine,1776636713.49,25,20,mini_boss_1_cursed,12,124,186,119.47
1776636567,nine,1776636716.79,25,20,mini_boss_1_cursed,12,104,186,122.77
1776636567,nine,1776636738.69,13,1,slime,13,132,133,140.67
1776636567,nine,1776636751.34,41,26,skeleton,15,113,139,153.32
1776636567,nine,1776636752.92,16,1,slime,15,112,139,154.91
1776636567,nine,1776636755.26,41,26,skeleton,15,86,139,157.25
1776636567,nine,1776636760.57,43,28,skeleton,16,114,142,162.56
1776636567,nine,1776636773.94,62,47,orc,17,98,145,175.92
1776636567,nine,1776636792.81,43,28,skeleton,21,129,157,194.79
1776636567,nine,1776636814.38,32,17,mini_boss_2,22,143,160,216.36
1776636567,nine,1776636817.09,32,17,mini_boss_2,22,126,160,219.07
1776636567,nine,1776636820.33,32,17,mini_boss_2,22,109,160,222.31
1776636567,nine,1776636826.89,32,17,mini_boss_2,22,59,160,228.88
1776636567,nine,1776636837.69,74,59,orc,23,104,163,239.68
1776636567,nine,1776636845.46,86,71,orc,24,95,166,247.45
1776636567,nine,1776636848.95,86,71,orc,24,24,166,250.93
1776636567,nine,1776636873.53,104,89,orc,30,95,184,275.51
1776636567,nine,1776636879.72,104,89,orc,30,6,184,281.7
1776636567,nine,1776636882.12,104,89,orc,30,0,184,284.1
1776642658,sd,1776642664.39,6,1,slime,1,119,120,3.62
1776642658,sd,1776642665.6,6,1,slime,1,118,120,4.83
1776642658,sd,1776642668.36,6,1,slime,1,117,120,7.59
1776642658,sd,1776642675.47,6,1,slime,2,125,126,14.71
1776642658,sd,1776642676.68,6,1,slime,2,124,126,15.91
1776642658,sd,1776642681.75,6,1,slime,2,123,126,20.98
1776642658,sd,1776642682.96,6,1,slime,2,122,126,22.19
1776642658,sd,1776642683.59,6,1,slime,3,131,132,22.82
1776642658,sd,1776642687.51,6,1,slime,3,130,132,26.74
1776642658,sd,1776642690.89,6,1,slime,3,129,132,30.12
1776642658,sd,1776642691.55,7,2,slime,3,127,132,30.78
1776642658,sd,1776642704.34,18,13,skeleton,4,125,138,43.57
1776642658,sd,1776642707.74,8,3,slime,4,122,138,46.97
1776642658,sd,1776642708.95,8,3,slime,4,119,138,48.19
1776642658,sd,1776642709.95,20,15,skeleton,5,129,144,49.19
1776642658,sd,1776642712.81,7,2,slime,5,127,144,52.04
1776642658,sd,1776642714.39,20,15,skeleton,5,112,144,53.62
1776642658,sd,1776642715.89,20,15,skeleton,6,135,150,55.12
1776642658,sd,1776642718.12,8,3,slime,6,132,150,57.35
1776642658,sd,1776642723.36,22,17,skeleton,6,115,150,62.59
1776642658,sd,1776642725.25,24,19,skeleton,6,96,150,64.48
1776642658,sd,1776642725.75,8,3,slime,7,153,156,64.98
1776642658,sd,1776642730.43,8,3,slime,8,159,162,69.67
1776642658,sd,1776642732.98,24,19,skeleton,8,140,162,72.21
1776642658,sd,1776642736.55,28,23,skeleton,9,145,168,75.78
1776642658,sd,1776642738.33,28,23,skeleton,9,122,168,77.56
1776642658,sd,1776642739.63,28,23,skeleton,9,99,168,78.86
1776642658,sd,1776642744.79,30,25,skeleton,10,149,174,84.02
1776642658,sd,1776642746.46,22,17,skeleton,10,132,174,85.69
1776642658,sd,1776642755.56,10,5,slime,11,175,180,94.79
1776642658,sd,1776642767.66,18,13,mini_boss_1,11,162,180,106.9
1776642658,sd,1776642768.82,10,5,slime,11,157,180,108.05
1776642658,sd,1776642769.68,18,13,mini_boss_1,11,144,180,108.91
1776642658,sd,1776642787.8,20,15,mini_boss_1,11,110,180,127.03
1776642658,sd,1776642788.8,20,15,mini_boss_1,11,95,180,128.03
1776642658,sd,1776642801.17,28,12,skeleton,12,143,155,133.26
1776642658,sd,1776642802.46,28,12,skeleton,12,131,155,134.55
1776642658,sd,1776642803.1,8,1,slime,12,130,155,135.19
1776642658,sd,1776642806.15,28,12,skeleton,12,118,155,138.24
1776642658,sd,1776642808.74,6,1,slime,12,117,155,140.83
1776642658,sd,1776642813.92,37,21,skeleton,12,96,155,146.01
1776642658,sd,1776642815.63,15,1,slime,12,95,155,147.71
1776642658,sd,1776642816.13,30,14,skeleton,12,81,155,148.22
1776642658,sd,1776642816.85,15,1,slime,12,80,155,148.93
1776642658,sd,1776642817.44,30,14,skeleton,12,66,155,149.52
1776642658,sd,1776642818.05,15,1,slime,12,65,155,150.14
1776642658,sd,1776642818.57,37,21,skeleton,12,44,155,150.65
1776642658,sd,1776642819.26,15,1,slime,12,43,155,151.35
1776642658,sd,1776642819.87,37,21,skeleton,12,22,155,151.96
1776642658,sd,1776642820.47,15,1,slime,12,21,155,152.55
1776642658,sd,1776642821.18,37,21,skeleton,12,0,155,153.27
1776854539,d,1776854597.51,6,1,slime,1,99,100,9.66
1776854539,d,1776854598.05,6,1,slime,2,103,104,10.2
1776854539,d,1776854599.68,6,1,slime,2,102,104,11.83
1776854539,d,1776854600.88,6,1,slime,2,101,104,13.03
1776854539,d,1776854601.45,6,1,slime,2,100,104,13.6
1776854539,d,1776854602.1,6,1,slime,2,99,104,14.25
1776854539,d,1776854602.65,6,1,slime,2,98,104,14.8
1776854539,d,1776854603.3,6,1,slime,2,97,104,15.45
1776854539,d,1776854603.85,6,1,slime,2,96,104,16.0
1776854539,d,1776854608.7,6,1,slime,2,95,104,20.85
1776854539,d,1776854609.7,6,1,slime,3,107,108,21.85
1776854539,d,1776854610.92,6,1,slime,3,106,108,23.06
1776854539,d,1776854611.46,6,1,slime,3,105,108,23.61
1776854539,d,1776854617.49,18,13,skeleton,4,99,112,29.64
1776854539,d,1776854618.81,18,13,skeleton,5,103,116,30.96
1776854539,d,1776854625.23,20,15,skeleton,5,88,116,37.38
1776854539,d,1776854626.6,9,4,slime,5,84,116,38.75
1776854539,d,1776854627.15,9,4,slime,6,116,120,39.3
1776854539,d,1776854627.8,9,4,slime,6,112,120,39.95
1776854539,d,1776854628.34,9,4,slime,6,108,120,40.49
1776854539,d,1776854649.6,28,23,skeleton,8,105,128,61.75
1776854539,d,1776854653.17,28,23,skeleton,8,82,128,65.32
1776854539,d,1776854653.72,10,5,slime,9,127,132,65.87
1776854539,d,1776854654.27,10,5,slime,9,122,132,66.42
1776854539,d,1776854654.93,10,5,slime,9,117,132,67.08
1776854539,d,1776854655.46,10,5,slime,9,112,132,67.61
1776854539,d,1776854656.13,10,5,slime,9,107,132,68.28
1776854539,d,1776854658.12,28,23,skeleton,9,84,132,70.27
1776854539,d,1776854663.0,13,8,slime,10,128,136,75.14
1776854539,d,1776854668.09,28,23,skeleton,10,105,136,80.22
1776854539,d,1776854674.79,22,17,mini_boss_1,10,88,136,86.93
1776854539,d,1776854675.83,22,17,mini_boss_1,10,71,136,87.97
1776854539,d,1776854685.76,25,20,mini_boss_1,10,51,136,97.89
1776854539,d,1776854693.78,6,1,slime,10,25,136,105.92
1776854539,d,1776854694.33,6,1,slime,11,139,140,106.47
1776854539,d,1776854730.04,15,1,slime,14,230,231,140.48
1776854539,d,1776854740.49,41,24,skeleton,14,206,231,150.93
1776854539,d,1776854741.28,39,22,skeleton,15,216,238,151.73
1776854539,d,1776854744.49,59,42,orc,15,174,238,154.94
1776854539,d,1776854745.94,59,42,orc,15,132,238,156.39
1776854539,d,1776854747.19,59,42,orc,16,203,245,157.63
1776854539,d,1776854750.23,62,45,orc,16,158,245,160.67
1776854539,d,1776854751.38,62,45,orc,16,113,245,161.82
1776854539,d,1776854753.11,62,45,orc,16,68,245,163.56
1776854539,d,1776854786.4,34,17,mini_boss_2_shadow,23,277,294,196.84
1776854539,d,1776854788.12,34,17,mini_boss_2_shadow,23,260,294,198.56
1776854539,d,1776854788.73,34,17,mini_boss_2_shadow,23,243,294,199.17
1776854539,d,1776854789.33,34,17,mini_boss_2_shadow,23,226,294,199.77
1776854539,d,1776854793.01,39,22,mini_boss_2_shadow,23,163,294,203.44
1776854539,d,1776854793.61,39,22,mini_boss_2_shadow,23,141,294,204.05
1776854539,d,1776854796.63,39,22,mini_boss_2_shadow,23,119,294,207.06
1776854539,d,1776854798.63,39,22,mini_boss_2_shadow,23,97,294,209.07
1776854539,d,1776854800.12,39,22,mini_boss_2_shadow,23,75,294,210.56
1776854539,d,1776854809.16,88,71,orc,24,230,301,219.59
1776854539,d,1776854810.17,88,71,orc,24,159,301,220.61
1776854539,d,1776854834.92,64,47,skeleton,26,268,315,245.36
1776854539,d,1776854842.32,95,78,orc,28,251,329,252.76
1776854539,d,1776854867.08,42,25,final_boss_berserker,30,236,343,277.51
1776854539,d,1776854867.8,42,25,final_boss_berserker,30,211,343,278.23
1776854539,d,1776854869.06,48,25,final_boss_berserker,30,186,343,279.49
1776854539,d,1776854871.87,48,31,final_boss_berserker,30,155,343,282.31
1776854539,d,1776854873.35,48,31,final_boss_berserker,30,74,343,283.79
1776854539,d,1776854874.09,55,31,final_boss_berserker,30,43,343,284.52
1776854539,d,1776854876.04,55,38,final_boss_berserker,30,5,343,286.47
1776854884,d,1776854888.01,6,1,slime,1,99,100,3.52
1776854884,d,1776854888.56,6,1,slime,1,98,100,4.07
1776854884,d,1776854891.59,6,1,slime,1,97,100,7.1
1776854884,d,1776854894.84,6,1,slime,2,103,104,10.35
1776854884,d,1776854895.39,6,1,slime,2,102,104,10.9
1776854884,d,1776854895.93,6,1,slime,2,101,104,11.44
1776854884,d,1776854911.97,7,2,slime,3,106,108,27.48
1776854884,d,1776854951.66,10,5,slime,9,127,132,67.17
1776854884,d,1776854967.6,13,8,slime,10,128,136,83.11
1776854884,d,1776854974.87,26,21,mini_boss_1_cursed,10,107,136,90.38
1776854884,d,1776854975.67,26,21,mini_boss_1_cursed,10,86,136,91.18
1776854884,d,1776854976.48,26,21,mini_boss_1_cursed,10,65,136,91.99
1776854884,d,1776854977.12,11,6,slime,10,59,136,92.63
1776854884,d,1776854977.66,11,6,slime,10,53,136,93.17
1776854884,d,1776854978.32,11,6,slime,10,47,136,93.83
1776854884,d,1776854978.87,11,6,slime,10,41,136,94.38
1776854884,d,1776854979.42,11,6,slime,10,35,136,94.94
1776854884,d,1776854980.51,26,21,mini_boss_1_cursed,10,14,136,96.02
1776855689,l,1776855750.54,6,1,slime,1,99,100,6.19
1776855689,l,1776855751.63,6,1,slime,1,98,100,7.27
1776855689,l,1776855752.17,6,1,slime,1,97,100,7.81
1776855689,l,1776855752.83,6,1,slime,1,96,100,8.47
1776855689,l,1776855753.37,6,1,slime,2,103,104,9.02
1776855689,l,1776855769.4,6,1,slime,2,102,104,25.04
1776855689,l,1776855769.95,6,1,slime,2,101,104,25.59
1776855689,l,1776855770.6,6,1,slime,2,100,104,26.24
1776855689,l,1776855773.9,18,13,skeleton,3,95,108,29.55
1776855689,l,1776855775.22,18,13,skeleton,3,82,108,30.86
1776855689,l,1776855776.05,18,13,skeleton,3,69,108,31.69
1776855689,l,1776855777.37,18,13,skeleton,3,56,108,33.01
1776855689,l,1776855778.68,18,13,skeleton,3,43,108,34.32
1776855689,l,1776855779.97,18,13,skeleton,3,30,108,35.62
1776855689,l,1776855781.27,18,13,skeleton,3,17,108,36.91
1776855689,l,1776855781.77,18,13,skeleton,3,4,108,37.41
1776855689,l,1776855782.58,18,13,skeleton,3,0,108,38.23
1776871676,mos,1776871702.56,6,1,slime,1,99,100,10.76
1776871676,mos,1776871703.1,6,1,slime,1,98,100,11.3
1776871676,mos,1776871711.65,6,1,slime,2,103,104,19.85
1776871676,mos,1776871716.71,18,13,skeleton,3,95,108,24.9
1776871676,mos,1776871718.01,18,13,skeleton,3,82,108,26.21
1776871676,mos,1776871719.32,18,13,skeleton,3,69,108,27.51
1776872020,ra,1776872034.88,6,1,slime,2,103,104,9.68
1776872020,ra,1776872036.79,6,1,slime,2,102,104,11.58
1776872020,ra,1776872037.34,6,1,slime,2,101,104,12.13
1776872020,ra,1776872044.74,6,1,slime,3,107,108,19.53
1776872020,ra,1776872054.94,7,2,slime,4,110,112,29.73
1776872020,ra,1776872057.12,7,2,slime,4,108,112,31.91
1776872020,ra,1776872061.08,8,3,slime,4,105,112,35.88
1776872020,ra,1776872079.68,6,1,slime,6,119,120,54.48
1776872020,ra,1776872081.18,20,15,skeleton,6,104,120,55.97
1776872020,ra,1776872083.13,20,15,skeleton,7,109,124,57.92
1776872020,ra,1776872114.69,28,23,skeleton,8,105,128,75.28
1776872020,ra,1776872117.68,26,21,skeleton,8,84,128,78.27
1776872020,ra,1776872120.58,26,21,skeleton,9,111,132,81.17
1776872020,ra,1776872140.5,28,23,skeleton,10,113,136,101.09
1776872020,ra,1776872160.45,22,17,mini_boss_1,11,123,140,121.04
1776872020,ra,1776872163.67,22,17,mini_boss_1,11,106,140,124.26
1776872020,ra,1776872169.86,25,20,mini_boss_1,11,86,140,130.45
1776872020,ra,1776872171.49,25,20,mini_boss_1,11,66,140,132.08
1776872020,ra,1776872172.45,25,20,mini_boss_1,11,46,140,133.04
1776872020,ra,1776872173.41,25,20,mini_boss_1,11,26,140,134.0
1776872020,ra,1776872186.63,12,7,slime,11,0,140,147.23
1776872202,ra,1776872206.1,6,1,slime,1,99,100,3.58
1776872202,ra,1776872206.65,6,1,slime,1,98,100,4.13
1776872202,ra,1776872207.87,6,1,slime,1,97,100,5.36
1776872202,ra,1776872208.42,6,1,slime,2,103,104,5.91
1776872202,ra,1776872257.8,10,5,slime,7,119,124,55.29
1776872202,ra,1776872261.18,24,19,skeleton,7,100,124,58.67
1776872202,ra,1776872270.98,28,23,skeleton,8,105,128,68.47
1776872202,ra,1776872271.86,9,4,slime,8,101,128,69.35
1776872202,ra,1776872272.4,9,4,slime,8,97,128,69.89
1776872202,ra,1776872272.95,9,4,slime,8,93,128,70.44
1776872202,ra,1776872276.88,9,4,slime,9,128,132,74.37
1776872202,ra,1776872288.97,30,25,skeleton,9,103,132,86.46
1776872202,ra,1776872290.27,30,25,skeleton,10,111,136,87.76
1776872202,ra,1776872290.9,30,25,skeleton,10,86,136,88.39
1776872202,ra,1776872302.09,13,8,slime,11,132,140,99.58
1776872202,ra,1776872318.82,22,17,mini_boss_1,11,115,140,116.31
1776872202,ra,1776872320.29,22,17,mini_boss_1,11,98,140,117.77
1776872202,ra,1776872334.32,25,20,mini_boss_1,12,124,144,131.81
1776872202,ra,1776872336.09,25,20,mini_boss_1,12,104,144,133.57
1776872202,ra,1776872395.45,39,23,skeleton,18,156,179,191.88
1776872202,ra,1776872423.75,71,55,orc,20,132,187,220.18
1776872202,ra,1776872450.71,68,52,orc,21,139,191,247.14
1776872202,ra,1776872465.63,47,31,skeleton,23,168,199,262.07
1776872202,ra,1776872481.73,34,18,mini_boss_2_shadow,23,150,199,278.16
1776872202,ra,1776872668.59,88,72,orc,25,135,207,431.05
1776872202,ra,1776872669.6,88,72,orc,25,63,207,432.06
1776872202,ra,1776872670.61,88,72,orc,25,0,207,433.07
1776872732,ra,1776872772.86,20,15,skeleton,5,101,116,40.39
1776872732,ra,1776872774.17,20,15,skeleton,5,86,116,41.7
1776872732,ra,1776872798.59,26,21,skeleton,8,107,128,66.12
1776872732,ra,1776872821.37,13,8,slime,9,124,132,88.9
1776872732,ra,1776872823.37,13,8,slime,9,116,132,90.9
1776872732,ra,1776872823.92,13,8,slime,9,108,132,91.45
1776872732,ra,1776872838.16,13,8,slime,11,132,140,105.69
1776872732,ra,1776872844.68,26,21,mini_boss_1_cursed,11,111,140,112.21
1776872732,ra,1776872851.0,26,21,mini_boss_1_cursed,11,90,140,118.53
1776872732,ra,1776872855.06,29,24,mini_boss_1_cursed,11,66,140,122.59
1776872732,ra,1776872883.27,41,27,skeleton,15,111,138,149.29
1776872732,ra,1776872904.95,49,35,skeleton,18,112,147,170.98
1776872732,ra,1776872919.61,47,33,skeleton,20,120,153,185.64
1776872732,ra,1776872968.09,88,74,orc,25,94,168,234.11
1776872732,ra,1776872981.32,95,81,orc,27,93,174,247.34
1776875393,toy,1776875489.36,6,1,slime,1,99,100,7.16
1776875393,toy,1776875512.9,7,2,slime,4,110,112,30.69
1776875393,toy,1776875514.0,7,2,slime,4,108,112,31.8
1776875393,toy,1776875527.77,22,17,skeleton,5,99,116,45.57
1776875393,toy,1776875539.93,24,19,skeleton,6,101,120,57.73
1776875393,toy,1776875558.12,20,15,skeleton,9,117,132,75.92
1776875393,toy,1776875561.79,12,7,slime,9,110,132,79.58
1776875393,toy,1776875565.27,13,8,slime,10,128,136,83.07
1776875393,toy,1776875585.07,25,17,mini_boss_1,12,127,144,102.87
1776875393,toy,1776875587.25,25,20,mini_boss_1,12,82,144,105.04
1776875393,toy,1776875588.21,25,20,mini_boss_1,12,62,144,106.01
1776875393,toy,1776875591.69,10,5,slime,12,32,144,109.48
1776875393,toy,1776875594.44,25,20,mini_boss_1,12,12,144,112.24
1776875393,toy,1776875653.4,28,13,skeleton,13,120,133,129.81
1776875393,toy,1776875656.76,16,1,slime,13,119,133,133.17
1776875393,toy,1776875657.3,16,1,slime,13,118,133,133.71
1776875393,toy,1776875668.05,39,24,skeleton,13,94,133,144.46
1776875393,toy,1776875671.36,39,24,skeleton,13,70,133,147.77
1776875393,toy,1776875672.66,39,24,skeleton,13,46,133,149.07
1776875393,toy,1776875688.9,43,28,skeleton,15,111,139,165.31
1776875393,toy,1776875699.57,62,47,orc,16,95,142,175.99
1776875393,toy,1776875714.1,71,56,orc,18,92,148,190.51
1776875393,toy,1776875715.12,71,56,orc,18,36,148,191.53
1776875393,toy,1776875716.12,71,56,orc,18,0,148,192.53
1778187395,f,1778187477.65,6,1,slime,1,99,100,6.9
1778187395,f,1778187478.2,6,1,slime,1,98,100,7.45
1778187395,f,1778187478.86,6,1,slime,1,97,100,8.11
1778187395,f,1778187479.41,6,1,slime,1,96,100,8.65
1778187395,f,1778187479.96,6,1,slime,1,95,100,9.2
1778187395,f,1778187480.65,6,1,slime,2,103,104,9.9
1778187395,f,1778187487.29,6,1,slime,2,102,104,16.54
1778187395,f,1778187487.83,6,1,slime,2,101,104,17.08
1778187395,f,1778187488.5,6,1,slime,2,100,104,17.75
1778187395,f,1778187489.04,6,1,slime,2,99,104,18.29
1778187395,f,1778187489.64,6,1,slime,2,98,104,18.89
1778187395,f,1778187490.19,6,1,slime,2,97,104,19.43
1778187395,f,1778187490.85,6,1,slime,2,96,104,20.09
1778187395,f,1778187492.03,6,1,slime,2,95,104,21.27
1778187395,f,1778187492.57,6,1,slime,2,94,104,21.82
1778187395,f,1778187493.12,6,1,slime,2,93,104,22.37
1778187395,f,1778187495.06,6,1,slime,3,107,108,24.31
1778187395,f,1778187495.6,6,1,slime,3,106,108,24.85
1778187395,f,1778187496.28,6,1,slime,3,105,108,25.52
1778187395,f,1778187496.83,6,1,slime,3,104,108,26.07
1778187395,f,1778187497.49,6,1,slime,3,103,108,26.74
1778187395,f,1778187498.04,6,1,slime,3,102,108,27.28
1778187395,f,1778187498.7,6,1,slime,3,101,108,27.94
1778187395,f,1778187499.25,6,1,slime,3,100,108,28.49
1778187395,f,1778187503.02,18,13,skeleton,3,87,108,32.26
1778187395,f,1778187504.32,18,13,skeleton,3,74,108,33.57
1778187395,f,1778187505.63,18,13,skeleton,3,61,108,34.88
1778187395,f,1778187506.95,18,13,skeleton,3,48,108,36.19
1778187395,f,1778187508.25,18,13,skeleton,3,35,108,37.5
1778187395,f,1778187509.57,18,13,skeleton,3,22,108,38.81
1778187395,f,1778187510.88,18,13,skeleton,3,9,108,40.13
1778187395,f,1778187512.2,18,13,skeleton,3,0,108,41.44
1778188084,ldwa,1778188109.8,6,1,slime,1,99,100,8.49
1778188084,ldwa,1778188110.36,6,1,slime,1,98,100,9.04
1778188084,ldwa,1778188111.0,6,1,slime,1,97,100,9.69
1778188084,ldwa,1778188111.55,6,1,slime,1,96,100,10.23
1778188084,ldwa,1778188112.77,6,1,slime,1,95,100,11.45
1778188084,ldwa,1778188116.14,6,1,slime,1,94,100,14.83
1778188084,ldwa,1778188116.69,6,1,slime,1,93,100,15.37
1778188084,ldwa,1778188117.35,6,1,slime,1,92,100,16.03
1778188084,ldwa,1778188117.89,6,1,slime,1,91,100,16.58
1778188084,ldwa,1778188118.71,6,1,slime,1,90,100,17.39
1778188084,ldwa,1778188119.3,6,1,slime,1,89,100,17.98
1778188084,ldwa,1778188124.42,6,1,slime,2,103,104,23.1
1778188084,ldwa,1778188124.96,6,1,slime,2,102,104,23.64
1778188084,ldwa,1778188125.62,6,1,slime,2,101,104,24.31
1778188084,ldwa,1778188126.17,6,1,slime,2,100,104,24.85
1778188084,ldwa,1778188126.72,6,1,slime,2,99,104,25.4
1778188084,ldwa,1778188128.22,6,1,slime,2,98,104,26.9
1778188084,ldwa,1778188128.77,6,1,slime,2,97,104,27.46
1778188084,ldwa,1778188129.42,6,1,slime,3,107,108,28.1
1778188084,ldwa,1778188132.66,6,1,slime,3,106,108,31.34
1778188084,ldwa,1778188133.63,7,2,slime,3,104,108,32.31
1778188084,ldwa,1778188134.21,6,1,slime,3,103,108,32.89
1778188084,ldwa,1778188134.75,6,1,slime,3,102,108,33.44
1778188084,ldwa,1778188141.01,8,3,slime,4,109,112,39.7
1778188084,ldwa,1778188143.12,7,2,slime,5,114,116,41.81
1778188084,ldwa,1778188143.74,8,3,slime,5,111,116,42.42
1778188084,ldwa,1778188144.28,8,3,slime,5,108,116,42.96
1778188084,ldwa,1778188146.57,22,17,skeleton,5,91,116,45.26
1778188084,ldwa,1778188147.89,22,17,skeleton,5,74,116,46.57
1778188084,ldwa,1778188150.3,22,17,skeleton,5,57,116,48.98
1778188084,ldwa,1778188152.01,22,17,skeleton,6,103,120,50.69
1778188084,ldwa,1778188160.46,22,17,skeleton,6,86,120,59.14
1778188084,ldwa,1778188163.18,10,5,slime,7,119,124,61.86
1778188084,ldwa,1778188177.55,28,23,skeleton,8,105,128,76.23
1778188084,ldwa,1778188178.21,11,6,slime,8,99,128,76.9
1778188084,ldwa,1778188178.86,28,23,skeleton,8,76,128,77.54
1778188084,ldwa,1778188190.72,22,17,mini_boss_1,10,119,136,89.4
1778188084,ldwa,1778188192.52,22,17,mini_boss_1,10,102,136,91.2
1778188084,ldwa,1778188194.06,22,17,mini_boss_1,10,85,136,92.74
1778188084,ldwa,1778188198.1,22,17,mini_boss_1,10,68,136,96.78
1778188084,ldwa,1778188200.18,25,17,mini_boss_1,10,51,136,98.86
1778188084,ldwa,1778188212.15,25,20,mini_boss_1,10,6,136,110.83
1778188084,ldwa,1778188221.64,12,1,slime,11,124,125,119.09
1778188084,ldwa,1778188222.19,12,1,slime,11,123,125,119.64
1778188084,ldwa,1778188224.31,35,22,skeleton,11,101,125,121.77
1778188084,ldwa,1778188225.63,35,22,skeleton,11,79,125,123.09
1778188084,ldwa,1778188226.58,15,2,slime,11,77,125,124.04
1778188084,ldwa,1778188227.11,35,22,skeleton,11,55,125,124.57
1778188084,ldwa,1778188227.79,15,2,slime,11,53,125,125.24
1778188084,ldwa,1778188228.33,15,2,slime,11,51,125,125.79
1778188084,ldwa,1778188229.0,15,2,slime,11,49,125,126.45
1778188084,ldwa,1778188229.55,15,2,slime,11,47,125,127.0
1778188084,ldwa,1778188230.33,35,22,skeleton,11,25,125,127.79
1778188084,ldwa,1778188231.2,35,22,skeleton,11,3,125,128.66
1778188084,ldwa,1778188232.76,35,22,skeleton,11,0,125,130.22
1778188539,eewq,1778188551.09,6,1,slime,1,99,100,6.82
1778188539,eewq,1778188561.62,6,1,slime,2,103,104,17.35
1778188539,eewq,1778188562.17,6,1,slime,2,102,104,17.9
1778188539,eewq,1778188562.84,6,1,slime,3,107,108,18.56
1778188539,eewq,1778188567.32,6,1,slime,3,106,108,23.04
1778188539,eewq,1778188568.06,18,13,skeleton,3,93,108,23.79
1778188539,eewq,1778188571.26,18,13,skeleton,3,80,108,26.98
1778188539,eewq,1778188574.72,18,13,skeleton,4,99,112,30.45
1778188539,eewq,1778188577.43,20,15,skeleton,4,84,112,33.15
1778188539,eewq,1778188579.5,20,15,skeleton,4,69,112,35.23
1778188539,eewq,1778188582.16,20,15,skeleton,5,101,116,37.88
1778188539,eewq,1778188584.14,20,15,skeleton,5,86,116,39.87
1778188539,eewq,1778188585.05,9,4,slime,6,116,120,40.78
1778188539,eewq,1778188585.6,9,4,slime,6,112,120,41.33
1778188539,eewq,1778188590.6,24,19,skeleton,6,93,120,46.33
1778188539,eewq,1778188594.97,18,13,skeleton,7,111,124,50.69
1778188539,eewq,1778188596.28,18,13,skeleton,7,98,124,52.01
1778188539,eewq,1778188601.34,24,19,skeleton,7,79,124,57.07
1778188539,eewq,1778188604.21,24,19,skeleton,8,109,128,59.93
1778188539,eewq,1778188605.84,26,21,skeleton,8,88,128,61.57
1778188539,eewq,1778188607.8,26,21,skeleton,8,67,128,63.53
1778188539,eewq,1778188608.59,8,3,slime,8,64,128,64.32
1778188539,eewq,1778188609.13,26,21,skeleton,9,111,132,64.86
1778188539,eewq,1778188610.43,26,21,skeleton,9,90,132,66.16
1778188539,eewq,1778188613.53,13,8,slime,9,82,132,69.26
1778188539,eewq,1778188614.09,13,8,slime,9,74,132,69.82
1778188539,eewq,1778188617.96,26,21,skeleton,9,53,132,73.69
1778188539,eewq,1778188619.27,26,21,skeleton,9,32,132,75.0
1778188539,eewq,1778188619.92,26,21,skeleton,10,115,136,75.65
1778188539,eewq,1778188620.99,10,5,slime,10,110,136,76.71
1778188539,eewq,1778188621.53,10,5,slime,10,105,136,77.26
1778188539,eewq,1778188622.53,26,21,skeleton,10,84,136,78.26
1778188539,eewq,1778188623.9,13,8,slime,10,76,136,79.62
1778188539,eewq,1778188624.45,13,8,slime,10,68,136,80.18
1778188539,eewq,1778188625.1,13,8,slime,11,132,140,80.83
1778188539,eewq,1778188625.65,13,8,slime,11,124,140,81.38
1778188539,eewq,1778188630.7,22,17,mini_boss_1,11,107,140,86.43
1778188539,eewq,1778188631.65,22,17,mini_boss_1,11,90,140,87.38
1778188539,eewq,1778188632.38,6,1,slime,11,89,140,88.11
1778188539,eewq,1778188633.57,22,17,mini_boss_1,11,72,140,89.3
1778188539,eewq,1778188635.94,22,17,mini_boss_1,11,55,140,91.67
1778188539,eewq,1778188636.91,22,17,mini_boss_1,11,38,140,92.64
1778188539,eewq,1778188659.61,20,2,skeleton,12,214,216,114.39
1778188539,eewq,1778188662.89,37,19,skeleton,12,195,216,117.67
1778188539,eewq,1778188666.81,37,19,skeleton,12,176,216,121.59
1778188539,eewq,1778188673.95,37,19,skeleton,13,204,223,128.73
1778188539,eewq,1778188675.59,37,19,skeleton,13,185,223,130.37
1778188539,eewq,1778188677.24,37,19,skeleton,13,166,223,132.02
1778188539,eewq,1778188677.79,37,19,skeleton,14,211,230,132.57
1778188539,eewq,1778188679.25,37,19,skeleton,14,192,230,134.03
1778188539,eewq,1778188680.97,28,10,skeleton,15,227,237,135.75
1778188539,eewq,1778188682.9,39,21,skeleton,15,206,237,137.68
1778188539,eewq,1778188684.2,39,21,skeleton,15,185,237,138.98
1778188539,eewq,1778188689.79,41,23,skeleton,15,162,237,144.57
1778188539,eewq,1778188691.29,62,44,orc,15,118,237,146.07
1778188539,eewq,1778188712.02,28,10,skeleton,19,255,265,166.79
1778188539,eewq,1778188713.13,51,33,skeleton,19,222,265,167.91
1778188539,eewq,1778188714.85,68,50,orc,20,222,272,169.58
1778188539,eewq,1778188722.43,62,44,orc,21,235,279,177.21
1778188539,eewq,1778188731.12,30,12,mini_boss_2_alpha,21,223,279,185.9
1778188539,eewq,1778188732.95,30,12,mini_boss_2_alpha,21,211,279,187.73
1778188539,eewq,1778188736.89,34,16,mini_boss_2_alpha,22,270,286,191.67
1778188539,eewq,1778188761.02,71,53,orc,22,85,286,215.79
1778188539,eewq,1778188762.68,34,16,mini_boss_2_alpha,22,69,286,217.46
1778188539,eewq,1778188768.14,39,21,mini_boss_2_alpha,22,48,286,222.92
1778188539,eewq,1778188770.52,39,21,mini_boss_2_alpha,23,272,293,225.29
1778188539,eewq,1778188772.77,74,56,orc,23,216,293,227.55
1778188539,eewq,1778188773.77,74,56,orc,23,160,293,228.55
1778188539,eewq,1778188774.78,74,56,orc,23,104,293,229.56
1778188539,eewq,1778188775.78,74,56,orc,23,48,293,230.56
1778188539,eewq,1778188776.8,74,56,orc,23,0,293,231.57
1778228372,dsa,1778228381.11,6,1,slime,1,99,100,5.74
1778228372,dsa,1778228381.65,6,1,slime,1,98,100,6.28
1778228372,dsa,1778228382.28,6,1,slime,1,97,100,7.04
1778228372,dsa,1778228382.82,6,1,slime,1,96,100,7.83
1778228372,dsa,1778228388.08,6,1,slime,1,94,100,13.97
1778228372,dsa,1778228388.62,6,1,slime,1,92,100,14.75
1778228372,dsa,1778228389.18,6,1,slime,1,91,100,15.39
1778228372,dsa,1778228390.16,6,1,slime,1,90,100,16.37
1778228372,dsa,1778228390.96,6,1,slime,1,89,100,17.17
1778228372,dsa,1778228391.52,6,1,slime,2,103,104,17.73
1778228372,dsa,1778228392.07,6,1,slime,2,102,104,18.28
1778228372,dsa,1778228397.92,6,1,slime,2,98,104,25.4
1778228372,dsa,1778228399.96,6,1,slime,2,94,104,28.46
1778228372,dsa,1778228401.99,6,1,slime,2,90,104,31.5
1778228372,dsa,1778228404.0,6,1,slime,2,86,104,34.52
1778228372,dsa,1778228406.03,6,1,slime,2,82,104,37.56
1778228372,dsa,1778228406.66,6,1,slime,2,80,104,38.51
1778228372,dsa,1778228407.24,6,1,slime,2,78,104,39.37
1778228372,dsa,1778228408.06,6,1,slime,2,76,104,40.58
1778228372,dsa,1778228409.27,6,1,slime,2,73,104,42.43
1778228372,dsa,1778228410.07,6,1,slime,2,71,104,43.62
1778228372,dsa,1778228410.62,6,1,slime,2,70,104,44.36
1778228372,dsa,1778228411.25,6,1,slime,2,69,104,45.06
1778228372,dsa,1778228411.8,6,1,slime,2,68,104,45.6
1778228372,dsa,1778228412.34,6,1,slime,3,107,108,46.15
1778228372,dsa,1778228422.59,6,1,slime,3,106,108,56.39
1778228372,dsa,1778228423.13,6,1,slime,3,105,108,56.93
1778228372,dsa,1778228423.79,6,1,slime,3,104,108,57.59
1778228372,dsa,1778228424.33,6,1,slime,3,103,108,58.14
1778228372,dsa,1778228425.0,6,1,slime,3,102,108,58.81
1778228372,dsa,1778228425.54,6,1,slime,3,101,108,59.35
1778228372,dsa,1778228426.2,6,1,slime,3,100,108,60.0
1778228372,dsa,1778228426.74,6,1,slime,3,99,108,60.55
1778228372,dsa,1778228427.41,6,1,slime,3,98,108,61.21
1778228372,dsa,1778228427.95,6,1,slime,3,97,108,61.76
1778228372,dsa,1778228428.61,6,1,slime,3,96,108,62.41
1778228372,dsa,1778228429.15,6,1,slime,3,95,108,62.96
1778228372,dsa,1778228429.81,6,1,slime,3,94,108,63.62
1778228372,dsa,1778228430.35,6,1,slime,3,93,108,64.16
1778228372,dsa,1778228431.01,6,1,slime,3,92,108,64.82
1778228372,dsa,1778228431.54,18,13,skeleton,3,79,108,65.35
1778228372,dsa,1778228432.21,6,1,slime,3,78,108,66.02
1778228372,dsa,1778228432.77,6,1,slime,3,77,108,66.57
1778228372,dsa,1778228433.42,6,1,slime,3,76,108,67.23
1778228372,dsa,1778228433.97,6,1,slime,3,75,108,67.78
1778228372,dsa,1778228434.63,6,1,slime,3,74,108,68.44
1778228372,dsa,1778228435.18,6,1,slime,3,73,108,68.99
1778228372,dsa,1778228435.84,6,1,slime,3,72,108,69.65
1778228372,dsa,1778228436.38,6,1,slime,3,71,108,70.19
1778228372,dsa,1778228437.16,18,13,skeleton,3,58,108,70.96
1778228372,dsa,1778228438.47,18,13,skeleton,3,45,108,72.27
1778228372,dsa,1778228439.78,18,13,skeleton,3,32,108,73.59
1778228372,dsa,1778228440.62,6,1,slime,3,31,108,74.43
1778228372,dsa,1778228441.28,6,1,slime,3,30,108,75.08
1778228372,dsa,1778228441.82,6,1,slime,3,29,108,75.63
1778228372,dsa,1778228442.4,18,13,skeleton,3,16,108,76.21
1778228372,dsa,1778228443.02,6,1,slime,3,15,108,76.83
1778228372,dsa,1778228443.69,6,1,slime,3,14,108,77.49
1778228372,dsa,1778228444.23,6,1,slime,3,13,108,78.04
1778228372,dsa,1778228444.89,6,1,slime,3,12,108,78.7
1778228372,dsa,1778228445.44,6,1,slime,3,11,108,79.25
1778228372,dsa,1778228446.11,6,1,slime,3,10,108,79.92
1778228372,dsa,1778228446.65,6,1,slime,3,9,108,80.46
1778228372,dsa,1778228448.05,18,13,skeleton,3,0,108,81.86
1778229528,dsa,1778229541.0,6,1,slime,1,99,100,10.79
1778229528,dsa,1778229551.37,6,1,slime,2,103,104,21.15
1778229528,dsa,1778229551.92,6,1,slime,2,102,104,21.7
1778229528,dsa,1778229552.58,6,1,slime,2,101,104,22.37
1778229528,dsa,1778229575.62,6,1,slime,3,107,108,49.79
1778229528,dsa,1778229576.16,6,1,slime,3,106,108,50.33
1778229528,dsa,1778229576.82,6,1,slime,3,105,108,51.0
1778229528,dsa,1778229577.37,6,1,slime,3,104,108,51.54
1778229528,dsa,1778229579.77,6,1,slime,3,101,108,54.91
1778229528,dsa,1778229581.44,6,1,slime,3,98,108,57.24
1778229528,dsa,1778229581.99,6,1,slime,4,111,112,57.8
1778229528,dsa,1778229582.54,6,1,slime,4,110,112,58.34
1778229528,dsa,1778229585.07,6,1,slime,4,109,112,60.88
1778229528,dsa,1778229585.62,6,1,slime,4,108,112,61.43
1778229528,dsa,1778229586.28,6,1,slime,4,107,112,62.09
1778229528,dsa,1778229593.78,6,1,slime,5,115,116,69.59
1778229528,dsa,1778229594.33,6,1,slime,5,114,116,70.14
1778229940,dfsf,1778229953.07,6,1,slime,1,99,100,7.79
1778229940,dfsf,1778229953.6,6,1,slime,1,98,100,8.32
1778229940,dfsf,1778229971.48,6,1,slime,3,107,108,28.49
1778229940,dfsf,1778229980.7,7,2,slime,4,110,112,37.72
1778229940,dfsf,1778229981.24,7,2,slime,4,108,112,38.25
1778230248,dsa,1778230270.01,6,1,slime,1,98,100,18.04
1778230248,dsa,1778230271.1,6,1,slime,1,97,100,19.13
1778230248,dsa,1778230276.06,6,1,slime,2,100,104,25.13
1778230248,dsa,1778230276.61,6,1,slime,2,98,104,25.96
1778230248,dsa,1778230282.98,6,1,slime,3,107,108,33.07
1778230248,dsa,1778230284.21,6,1,slime,3,106,108,34.3
1778230248,dsa,1778230290.63,6,1,slime,4,111,112,40.72
1778230248,dsa,1778230303.46,22,17,skeleton,5,96,116,54.42
1778230248,dsa,1778230304.02,6,1,slime,5,95,116,54.98
1778230248,dsa,1778230312.41,9,4,slime,5,91,116,63.37
1778230248,dsa,1778230312.97,9,4,slime,5,87,116,63.93
1778230248,dsa,1778230319.21,24,19,skeleton,6,101,120,70.17
1778230248,dsa,1778230325.22,20,15,skeleton,6,86,120,76.17
1778230248,dsa,1778230330.82,22,17,skeleton,6,69,120,81.78
1778230248,dsa,1778230332.13,22,17,skeleton,6,52,120,83.09
1778230248,dsa,1778230332.82,6,1,slime,6,51,120,83.78
1778230248,dsa,1778230333.37,6,1,slime,6,50,120,84.32
1778230248,dsa,1778230334.02,6,1,slime,6,49,120,84.98
1778230248,dsa,1778230334.58,6,1,slime,6,48,120,85.54
1778230248,dsa,1778230335.23,6,1,slime,6,47,120,86.19
1778230248,dsa,1778230335.77,6,1,slime,6,46,120,86.73
1778230248,dsa,1778230336.45,6,1,slime,6,45,120,87.41
1778230248,dsa,1778230336.99,6,1,slime,6,44,120,87.95
1778230248,dsa,1778230337.65,6,1,slime,6,43,120,88.61
1778230248,dsa,1778230338.69,22,17,skeleton,6,26,120,89.65
1778230248,dsa,1778230339.75,22,17,skeleton,6,8,120,91.11
1778230248,dsa,1778230341.16,20,15,skeleton,6,0,120,93.23
1778230517,dsdd,1778230528.84,6,1,slime,1,99,100,7.19
1778230517,dsdd,1778230529.39,6,1,slime,1,98,100,7.73
1778230517,dsdd,1778230530.14,6,1,slime,1,97,100,8.61
1778230517,dsdd,1778230565.07,7,2,slime,4,110,112,48.48
1778230517,dsdd,1778230565.61,7,2,slime,4,108,112,49.02
1778230517,dsdd,1778230593.89,11,6,slime,8,122,128,78.67
1778230517,dsdd,1778230595.58,26,21,skeleton,8,101,128,80.36
1778230517,dsdd,1778230597.69,11,6,slime,8,95,128,82.52
1778231348,dsa,1778231364.21,6,1,slime,2,103,104,18.5
1778231348,dsa,1778231392.49,6,1,slime,2,72,104,83.66
1778231348,dsa,1778231393.79,6,1,slime,2,69,104,87.3
1778231348,dsa,1778231413.21,6,1,slime,2,39,104,141.7
1778231348,dsa,1778231414.51,6,1,slime,2,36,104,145.33
1778231348,dsa,1778231415.81,6,1,slime,2,33,104,148.97
1778231348,dsa,1778231417.11,6,1,slime,2,30,104,152.61
1778231348,dsa,1778231418.41,6,1,slime,2,27,104,156.25
1778231348,dsa,1778231420.57,6,1,slime,2,23,104,162.3
1778231348,dsa,1778231421.86,6,1,slime,2,20,104,165.92
1778231348,dsa,1778231423.15,6,1,slime,2,17,104,169.53
1778231348,dsa,1778231424.47,6,1,slime,2,14,104,173.23
1778231348,dsa,1778231425.78,6,1,slime,2,11,104,176.89
1778231348,dsa,1778231430.56,6,1,slime,2,3,104,190.26
1778231348,dsa,1778231431.86,6,1,slime,2,0,104,193.9
1778411179,sddd,1778411241.45,6,1,slime,1,99,100,3.83
1778411179,sddd,1778411251.61,6,1,slime,1,86,100,29.11
1778411179,sddd,1778411278.19,7,2,slime,3,106,108,67.54
1778411179,sddd,1778411278.74,7,2,slime,3,104,108,68.08
1778411179,sddd,1778411279.41,7,2,slime,3,102,108,68.75
1778411179,sddd,1778411279.97,7,2,slime,3,100,108,69.31
1778411179,sddd,1778411280.62,7,2,slime,3,98,108,69.96
1778411179,sddd,1778411281.17,7,2,slime,3,96,108,70.51
1778411179,sddd,1778411281.82,7,2,slime,3,94,108,71.16
1778411179,sddd,1778411282.37,7,2,slime,3,92,108,71.72
1778411179,sddd,1778411283.03,7,2,slime,3,90,108,72.38
1778411179,sddd,1778411283.59,7,2,slime,3,88,108,72.93
1778411179,sddd,1778411284.24,7,2,slime,3,86,108,73.58
1778411179,sddd,1778411284.8,7,2,slime,3,84,108,74.14
1778411179,sddd,1778411285.45,7,2,slime,3,82,108,74.8
1778411179,sddd,1778411286.0,7,2,slime,3,80,108,75.34
1778411179,sddd,1778411286.66,7,2,slime,3,78,108,76.01
1778411179,sddd,1778411287.22,7,2,slime,3,76,108,76.56
1778411179,sddd,1778411287.87,7,2,slime,3,74,108,77.21
1778411179,sddd,1778411288.42,7,2,slime,3,72,108,77.77
1778411179,sddd,1778411289.08,7,2,slime,3,70,108,78.43
1778411179,sddd,1778411289.62,7,2,slime,3,68,108,78.97
1778411179,sddd,1778411290.29,7,2,slime,3,66,108,79.63
1778411179,sddd,1778411290.83,7,2,slime,3,64,108,80.17
1778411179,sddd,1778411291.49,7,2,slime,3,62,108,80.83
1778411179,sddd,1778411292.04,7,2,slime,3,60,108,81.38
1778411179,sddd,1778411292.71,7,2,slime,3,58,108,82.05
1778411179,sddd,1778411293.25,7,2,slime,3,56,108,82.59
1778411179,sddd,1778411293.92,7,2,slime,3,54,108,83.26
1778411179,sddd,1778411294.47,7,2,slime,3,52,108,83.81
1778411179,sddd,1778411295.13,7,2,slime,3,50,108,84.47
1778411179,sddd,1778411295.68,7,2,slime,3,48,108,85.02
1778411179,sddd,1778411296.34,7,2,slime,3,46,108,85.68
1778411179,sddd,1778411296.89,7,2,slime,3,44,108,86.23
1778411179,sddd,1778411297.53,7,2,slime,3,42,108,86.88
1778411179,sddd,1778411298.08,7,2,slime,3,40,108,87.42
1778411179,sddd,1778411298.73,7,2,slime,3,38,108,88.07
1778411179,sddd,1778411299.29,7,2,slime,3,36,108,88.63
1778411179,sddd,1778411299.94,7,2,slime,3,34,108,89.29
1778411179,sddd,1778411300.49,7,2,slime,3,32,108,89.83
1778411179,sddd,1778411301.15,7,2,slime,3,30,108,90.49
1778411179,sddd,1778411301.7,7,2,slime,3,28,108,91.04
1778411179,sddd,1778411302.35,7,2,slime,3,26,108,91.7
1778411179,sddd,1778411304.09,6,1,slime,3,25,108,93.43
1778411179,sddd,1778411311.55,6,1,slime,4,111,112,100.89
1778411179,sddd,1778411312.11,6,1,slime,4,110,112,101.45
1778411179,sddd,1778411314.89,18,13,skeleton,6,107,120,104.23
1778411179,sddd,1778411316.7,7,2,slime,7,122,124,106.04
1778411179,sddd,1778411350.95,26,21,skeleton,11,119,140,141.81
1778411179,sddd,1778411356.95,30,25,skeleton,11,94,140,147.81
1778411179,sddd,1778411369.07,26,21,mini_boss_1_cursed,11,73,140,160.15
1778411179,sddd,1778411400.37,26,21,mini_boss_1_cursed,11,52,140,191.45
1778411179,sddd,1778411401.18,26,21,mini_boss_1_cursed,11,31,140,192.26
1778411179,sddd,1778411401.98,26,21,mini_boss_1_cursed,11,10,140,193.07
1778411179,sddd,1778411402.8,29,21,mini_boss_1_cursed,11,0,140,193.88
1778411779,fdf,1778411794.9,6,1,slime,1,99,100,8.75
1778411779,fdf,1778411804.63,6,1,slime,2,102,104,19.88
1778411779,fdf,1778411808.98,6,1,slime,3,107,108,24.23
1778411779,fdf,1778411811.76,6,1,slime,3,106,108,27.01
1778411779,fdf,1778411816.19,7,2,slime,4,110,112,31.45
1778411779,fdf,1778411822.02,6,1,slime,4,108,112,38.3
1778411779,fdf,1778411822.56,6,1,slime,4,107,112,38.84
1778411779,fdf,1778411823.1,8,3,slime,4,104,112,39.38
1778411779,fdf,1778411823.65,8,3,slime,4,101,112,39.93
1778411779,fdf,1778411824.32,8,3,slime,5,113,116,40.6
1778411779,fdf,1778411828.95,8,3,slime,5,110,116,45.23
1778411779,fdf,1778411833.18,9,4,slime,5,105,116,50.81
1778411779,fdf,1778411837.13,22,17,skeleton,6,103,120,55.6
1778411779,fdf,1778411837.96,24,19,skeleton,6,84,120,56.43
1778411779,fdf,1778411840.53,24,19,skeleton,7,105,124,59.0
1778411779,fdf,1778411845.15,11,6,slime,8,122,128,63.62
1778411779,fdf,1778411845.69,11,6,slime,8,116,128,64.16
1778411779,fdf,1778411850.82,28,23,skeleton,8,92,128,69.84
1778411779,fdf,1778411851.69,9,4,slime,8,88,128,70.71
1778411779,fdf,1778411852.24,9,4,slime,8,84,128,71.26
1778411779,fdf,1778411860.11,12,7,slime,9,124,132,80.03
1778411779,fdf,1778411860.67,12,7,slime,9,117,132,80.59
1778411779,fdf,1778411870.04,30,25,skeleton,9,92,132,89.95
1778411779,fdf,1778411870.78,13,8,slime,9,84,132,90.7
1778411779,fdf,1778411871.33,13,8,slime,10,128,136,91.25
1778411779,fdf,1778411874.28,30,25,skeleton,10,103,136,94.2
1778411779,fdf,1778411889.47,28,23,skeleton,11,117,140,109.39
1778411779,fdf,1778411890.77,28,23,skeleton,11,94,140,110.68
1778411779,fdf,1778411893.29,28,23,skeleton,11,71,140,113.21
1778411779,fdf,1778411900.83,13,8,slime,11,63,140,120.75
1778411779,fdf,1778411901.38,13,8,slime,11,55,140,121.3
1778411779,fdf,1778411901.96,22,17,mini_boss_1,11,38,140,121.88
1778411779,fdf,1778411902.58,13,8,slime,11,30,140,122.5
1778411779,fdf,1778411907.4,22,17,mini_boss_1,12,127,144,127.31
1778411779,fdf,1778411919.54,22,17,mini_boss_1,12,110,144,139.46
1778411779,fdf,1778411934.16,25,20,mini_boss_1,12,90,144,154.08
1778411779,fdf,1778411935.12,25,20,mini_boss_1,12,70,144,155.03
1778411779,fdf,1778411943.29,25,20,mini_boss_1,12,50,144,163.21
1778411779,fdf,1778411946.58,25,20,mini_boss_1,13,128,148,166.5
1778411779,fdf,1778412026.92,13,1,slime,15,235,236,195.08
1778411779,fdf,1778412043.02,45,26,skeleton,18,231,257,211.19
1778411779,fdf,1778412045.31,68,49,orc,18,182,257,213.47
1778411779,fdf,1778412050.01,62,43,orc,18,139,257,218.17
1778411779,fdf,1778412052.71,62,43,orc,19,221,264,220.87
1778411779,fdf,1778412067.68,16,1,slime,21,277,278,235.84
1778411779,fdf,1778412074.06,39,20,mini_boss_2_shadow,21,257,278,242.22
1778411779,fdf,1778412086.84,39,20,mini_boss_2_shadow,21,198,278,255.03
1778411779,fdf,1778412095.61,83,64,orc,23,228,292,263.8
1778411779,fdf,1778412097.14,83,64,orc,23,164,292,265.33
1778411779,fdf,1778412098.75,83,64,orc,23,100,292,266.94
1778411779,fdf,1778412113.2,64,45,skeleton,25,261,306,281.39
1778411779,fdf,1778412115.98,64,45,skeleton,25,216,306,284.17
1778411779,fdf,1778412119.33,68,49,orc,25,167,306,287.52
1778411779,fdf,1778412122.68,68,49,orc,26,264,313,290.87
1778411779,fdf,1778412126.36,88,69,orc,26,195,313,294.55
1778411779,fdf,1778412135.81,92,73,orc,29,261,334,304.01
1778411779,fdf,1778412158.82,35,16,final_boss,30,315,341,327.0
1778411779,fdf,1778412161.75,40,21,final_boss,30,294,341,329.94
1778411779,fdf,1778412170.35,46,27,final_boss,30,221,341,338.54
1778411779,fdf,1778412175.92,46,27,final_boss,30,149,341,344.1
1778411779,fdf,1778412177.24,46,27,final_boss,30,122,341,345.43
1778412484,sdad,1778412492.16,6,1,slime,1,99,100,4.94
1778412484,sdad,1778412492.7,6,1,slime,1,98,100,5.49
1778412484,sdad,1778412531.97,9,4,slime,6,116,120,44.76
1778412484,sdad,1778412543.92,10,5,slime,7,119,124,56.71
1778412484,sdad,1778412544.47,10,5,slime,7,114,124,57.25
1778412484,sdad,1778412545.03,10,5,slime,7,109,124,57.81
1778412484,sdad,1778412575.43,30,25,skeleton,10,111,136,94.5
1778412484,sdad,1778412583.5,13,8,slime,10,103,136,102.57
1778412484,sdad,1778412598.29,26,21,skeleton,11,119,140,119.07
1778412484,sdad,1778412617.56,25,20,mini_boss_1,11,72,140,141.09
1778412484,sdad,1778412621.83,25,20,mini_boss_1,11,52,140,145.37
1778412484,sdad,1778412643.67,39,25,skeleton,13,107,132,165.99
1778412484,sdad,1778412701.45,49,35,skeleton,21,121,156,223.76
1778412484,sdad,1778412769.47,101,87,orc,28,90,177,291.79
1778412484,sdad,1778412795.3,35,21,final_boss,30,117,183,317.62
1778412484,sdad,1778412806.17,46,32,final_boss,30,67,183,328.49
1778413441,adas,1778413457.77,6,1,slime,1,99,100,12.48
1778413441,adas,1778413470.29,6,1,slime,2,103,104,24.99
1778413441,adas,1778413471.38,6,1,slime,2,102,104,26.08
1778413441,adas,1778413473.69,6,1,slime,2,101,104,28.39
1778413441,adas,1778413474.23,6,1,slime,3,107,108,28.93
1778413441,adas,1778413483.86,6,1,slime,4,111,112,38.56
1778413441,adas,1778413494.15,8,3,slime,5,112,116,50.38
1778413441,adas,1778413494.7,8,3,slime,5,109,116,50.93
1778413441,adas,1778413495.26,8,3,slime,5,106,116,51.49
1778413441,adas,1778413496.12,9,4,slime,5,102,116,52.35
1778413441,adas,1778413496.68,9,4,slime,5,98,116,52.91
1778413441,adas,1778413511.22,8,3,slime,7,121,124,67.45
1778413441,adas,1778413511.76,8,3,slime,7,118,124,67.99
1778413441,adas,1778413512.32,8,3,slime,7,115,124,68.55
1778413441,adas,1778413534.29,28,23,skeleton,9,109,132,93.13
1778413441,adas,1778413553.6,20,15,mini_boss_1_colossus,10,121,136,112.44
1778413441,adas,1778413556.1,20,15,mini_boss_1_colossus,10,106,136,114.94
1778413441,adas,1778413558.55,20,15,mini_boss_1_colossus,10,91,136,117.39
1778413441,adas,1778413562.15,23,18,mini_boss_1_colossus,10,51,136,120.99
1778413441,adas,1778413598.8,39,26,skeleton,13,105,131,163.03
1778413441,adas,1778413604.68,13,1,slime,14,132,134,169.62
1778413441,adas,1778413614.08,30,17,skeleton,15,120,137,179.01
1778413441,adas,1778413619.71,13,1,slime,16,139,140,184.65
1778413441,adas,1778413625.26,45,32,skeleton,16,107,140,190.2
1778413441,adas,1778413655.6,37,24,skeleton,21,131,155,220.54
1778413441,adas,1778413684.41,83,70,orc,22,53,158,249.62
1778413441,adas,1778413719.93,70,57,skeleton,28,119,176,285.14
1778413441,adas,1778413722.2,70,57,skeleton,29,122,179,287.41
1778413441,adas,1778413722.72,68,55,orc,29,67,179,287.93
1778413441,adas,1778413746.92,65,52,orc,30,114,182,312.13
1778417916,ds,1778418201.05,7,2,slime,7,122,124,58.36
1778417916,ds,1778418209.27,28,23,skeleton,8,105,128,66.58
1778417916,ds,1778418219.28,13,8,slime,10,128,136,77.18
1778417916,ds,1778418228.09,20,15,mini_boss_1_colossus,10,113,136,85.99
1778417916,ds,1778418229.39,20,15,mini_boss_1_colossus,10,98,136,87.29
1778417916,ds,1778418231.16,20,15,mini_boss_1_colossus,10,83,136,89.06
1778417916,ds,1778418238.14,23,18,mini_boss_1_colossus,10,65,136,96.04
1778417916,ds,1778418248.33,23,18,mini_boss_1_colossus,10,46,136,107.29
1778417916,ds,1778418251.54,23,18,mini_boss_1_colossus,11,122,140,111.78
1778418711,ds,1778418786.56,6,1,slime,2,103,104,74.82
1778418711,ds,1778418787.65,6,1,slime,2,102,104,75.91
1778418711,ds,1778418801.16,18,13,skeleton,3,95,108,89.43
1778418711,ds,1778418802.47,18,13,skeleton,3,82,108,90.73
1778418711,ds,1778418803.76,18,13,skeleton,3,69,108,92.03
1778418711,ds,1778418805.77,18,13,skeleton,3,56,108,93.6
1778418711,ds,1778418809.91,18,13,skeleton,3,43,108,97.75
1778418711,ds,1778418810.61,6,1,slime,3,42,108,98.45
1778418711,ds,1778418811.16,6,1,slime,3,41,108,99.0
1778418711,ds,1778418811.82,6,1,slime,3,40,108,99.66
1778418711,ds,1778418812.36,6,1,slime,3,39,108,100.2
1778418711,ds,1778418812.93,7,2,slime,3,37,108,100.76
1778418711,ds,1778418813.48,7,2,slime,3,35,108,101.32
1778418711,ds,1778418814.15,7,2,slime,3,33,108,101.98
1778418711,ds,1778418814.7,7,2,slime,3,31,108,102.53
1778418711,ds,1778418815.35,7,2,slime,3,29,108,103.19
1778418711,ds,1778418815.9,7,2,slime,3,27,108,103.73
1778418711,ds,1778418816.46,18,13,skeleton,3,14,108,104.29
1778418711,ds,1778418817.11,7,2,slime,3,12,108,104.94
1778418945,ds,1778418955.45,6,1,slime,1,99,100,9.67
1778418945,ds,1778418961.4,6,1,slime,1,98,100,15.62
1778418945,ds,1778418961.96,6,1,slime,2,103,104,16.18
1778419022,ds,1778419104.65,6,1,slime,2,103,104,55.05
1778419022,ds,1778419105.2,6,1,slime,2,102,104,55.6
1778419022,ds,1778419105.75,6,1,slime,3,107,108,56.15
1778419022,ds,1778419108.28,6,1,slime,3,106,108,58.68
1778419022,ds,1778419111.89,18,13,skeleton,3,93,108,62.29
1778419022,ds,1778419113.73,6,1,slime,4,111,112,64.13
1778419022,ds,1778419117.06,18,13,skeleton,4,98,112,67.46
1778419022,ds,1778419120.2,18,13,skeleton,4,85,112,70.6
1778419022,ds,1778419125.56,8,3,slime,4,82,112,75.96
1778419022,ds,1778419127.72,6,1,slime,4,81,112,78.12
1778419022,ds,1778419128.27,6,1,slime,5,115,116,78.67
1778419022,ds,1778419134.04,18,13,skeleton,5,101,116,86.34
1778419022,ds,1778419135.4,18,13,skeleton,5,88,116,87.7
1778419022,ds,1778419136.99,18,13,skeleton,5,75,116,89.61
1778419022,ds,1778419140.25,22,17,skeleton,5,57,116,94.14
1778419022,ds,1778419147.34,20,15,skeleton,5,41,116,101.85
1778419022,ds,1778419150.09,20,15,skeleton,5,26,116,104.6
1778419022,ds,1778419154.1,20,15,skeleton,5,9,116,111.36
1778419022,ds,1778419155.69,20,15,skeleton,5,0,116,112.94
