damage,enemy_type,player_class,player_level,session_id,skill_name,timestamp
12,slime,Soldier,1,1776413595,skill,1776413604.0656185
12,slime,Soldier,1,1776413595,skill,1776413604.0813172
12,slime,Soldier,1,1776413595,skill,1776413604.0987563
12,slime,Soldier,1,1776413595,skill,1776413604.115284
12,slime,Soldier,1,1776413595,skill,1776413604.1322365
12,slime,Soldier,1,1776413595,skill,1776413604.149231
12,slime,Soldier,1,1776413595,skill,1776413604.1672618
12,slime,Soldier,1,1776413595,skill,1776413604.1838403
9,slime,Soldier,1,1776413595,skill,1776413606.1107948
9,slime,Soldier,1,1776413595,skill,1776413607.1080976
9,slime,Soldier,1,1776413595,skill,1776413608.6656187
12,slime,Soldier,1,1776413595,skill,1776413609.7497287
12,slime,Soldier,1,1776413595,skill,1776413609.765191
12,slime,Soldier,1,1776413595,skill,1776413609.7811475
12,slime,Soldier,1,1776413595,skill,1776413609.7987604
12,slime,Soldier,1,1776413595,skill,1776413609.8152719
12,slime,Soldier,1,1776413595,skill,1776413609.8328304
12,slime,Soldier,1,1776413595,skill,1776413609.8487518
12,slime,Soldier,1,1776413595,skill,1776413609.8651197
12,slime,Soldier,1,1776413595,skill,1776413609.881519
12,slime,Soldier,1,1776413595,skill,1776413612.506302
12,slime,Soldier,1,1776413595,skill,1776413612.5220869
12,slime,Soldier,1,1776413595,skill,1776413612.5380614
12,slime,Soldier,1,1776413595,skill,1776413612.5545719
12,slime,Soldier,1,1776413595,skill,1776413612.5711162
12,slime,Soldier,1,1776413595,skill,1776413612.587137
12,slime,Soldier,1,1776413595,skill,1776413612.6042373
12,slime,Soldier,1,1776413595,skill,1776413612.621259
12,slime,Soldier,1,1776413595,skill,1776413612.6389885
12,slime,Soldier,1,1776413595,skill,1776413614.378376
12,slime,Soldier,1,1776413595,skill,1776413614.393726
12,slime,Soldier,1,1776413595,skill,1776413614.409649
12,slime,Soldier,1,1776413595,skill,1776413614.4262364
12,slime,Soldier,1,1776413595,skill,1776413614.442162
12,slime,Soldier,1,1776413595,skill,1776413614.458158
12,slime,Soldier,1,1776413595,skill,1776413614.4756968
12,slime,Soldier,1,1776413595,skill,1776413614.4933167
12,slime,Soldier,1,1776413595,skill,1776413614.5089939
12,slime,Soldier,1,1776413595,skill,1776413620.6648848
12,slime,Soldier,1,1776413595,skill,1776413620.6814935
12,slime,Soldier,1,1776413595,skill,1776413620.6985176
12,slime,Soldier,1,1776413595,skill,1776413620.714754
12,slime,Soldier,1,1776413595,skill,1776413620.7315426
12,slime,Soldier,1,1776413595,skill,1776413620.7474165
12,slime,Soldier,1,1776413595,skill,1776413620.7644513
12,slime,Soldier,1,1776413595,skill,1776413620.7820206
12,slime,Soldier,1,1776413595,skill,1776413623.4850378
12,slime,Soldier,1,1776413595,skill,1776413623.5006907
12,slime,Soldier,1,1776413595,skill,1776413623.5167513
12,slime,Soldier,1,1776413595,skill,1776413623.5332682
12,slime,Soldier,1,1776413595,skill,1776413623.5507848
12,slime,Soldier,1,1776413595,skill,1776413623.5673184
12,slime,Soldier,1,1776413595,skill,1776413623.5850213
12,slime,Soldier,1,1776413595,skill,1776413623.6016066
12,slime,Soldier,1,1776413595,skill,1776413623.617887
12,slime,Soldier,1,1776413595,skill,1776413627.9047532
12,slime,Soldier,1,1776413595,skill,1776413627.9205122
12,slime,Soldier,1,1776413595,skill,1776413627.936705
12,slime,Soldier,1,1776413595,skill,1776413627.9531586
12,slime,Soldier,1,1776413595,skill,1776413627.9695067
12,slime,Soldier,1,1776413595,skill,1776413627.986193
12,slime,Soldier,1,1776413595,skill,1776413628.0039616
12,slime,Soldier,1,1776413595,skill,1776413628.0204241
12,slime,Soldier,1,1776413595,skill,1776413628.036831
12,slime,Soldier,1,1776413595,skill,1776413634.300391
12,slime,Soldier,1,1776413595,skill,1776413634.3158164
12,slime,Soldier,1,1776413595,skill,1776413634.3325613
12,slime,Soldier,1,1776413595,skill,1776413634.3482256
12,slime,Soldier,1,1776413595,skill,1776413634.365692
12,slime,Soldier,1,1776413595,skill,1776413634.3817296
12,slime,Soldier,1,1776413595,skill,1776413634.3982413
12,slime,Soldier,1,1776413595,skill,1776413634.4160128
12,slime,Soldier,1,1776413595,skill,1776413634.4321532
12,slime,Soldier,1,1776413595,skill,1776413634.4321582
12,slime,Soldier,1,1776413595,skill,1776413635.1602254
12,slime,Soldier,1,1776413595,skill,1776413635.1766372
12,slime,Soldier,1,1776413595,skill,1776413635.1931725
12,slime,Soldier,1,1776413595,skill,1776413635.2102134
12,slime,Soldier,1,1776413595,skill,1776413635.2280927
12,slime,Soldier,1,1776413595,skill,1776413641.3467102
12,slime,Soldier,1,1776413595,skill,1776413641.362221
12,slime,Soldier,1,1776413595,skill,1776413641.3792493
12,slime,Soldier,1,1776413595,skill,1776413641.3966825
12,slime,Soldier,1,1776413595,skill,1776413641.4128973
12,slime,Soldier,1,1776413595,skill,1776413641.4295373
12,slime,Soldier,1,1776413595,skill,1776413641.4447389
12,slime,Soldier,1,1776413595,skill,1776413641.461404
12,slime,Soldier,1,1776413595,skill,1776413641.4791276
12,slime,Soldier,1,1776413595,skill,1776413645.0605948
12,slime,Soldier,1,1776413595,skill,1776413645.0753562
12,slime,Soldier,1,1776413595,skill,1776413645.0926967
12,slime,Soldier,1,1776413595,skill,1776413645.1092048
12,slime,Soldier,1,1776413595,skill,1776413645.125867
12,slime,Soldier,1,1776413595,skill,1776413645.1426365
12,slime,Soldier,1,1776413595,skill,1776413645.1601872
12,slime,Soldier,1,1776413595,skill,1776413645.1601884
12,slime,Soldier,1,1776413595,skill,1776413645.1757636
12,slime,Soldier,1,1776413595,skill,1776413645.175765
12,slime,Soldier,1,1776413595,skill,1776413646.0828686
12,slime,Soldier,1,1776413595,skill,1776413646.0985813
12,slime,Soldier,1,1776413595,skill,1776413646.1145732
12,slime,Soldier,1,1776413595,skill,1776413646.1312215
12,slime,Soldier,1,1776413595,skill,1776413646.1481736
12,slime,Soldier,1,1776413595,skill,1776413646.1656263
12,slime,Soldier,1,1776413595,skill,1776413646.182143
12,slime,Soldier,1,1776413595,skill,1776413646.1981847
12,slime,Soldier,1,1776413595,skill,1776413648.2775285
12,slime,Soldier,1,1776413595,skill,1776413648.293906
12,slime,Soldier,1,1776413595,skill,1776413648.3104246
12,slime,Soldier,1,1776413595,skill,1776413648.3274891
12,slime,Soldier,1,1776413595,skill,1776413648.3445196
12,slime,Soldier,1,1776413595,skill,1776413648.3605504
12,slime,Soldier,1,1776413595,skill,1776413648.3776164
12,slime,Soldier,1,1776413595,skill,1776413648.393454
12,slime,Soldier,1,1776413595,skill,1776413648.4096105
9,slime,Soldier,1,1776413595,skill,1776413649.9673629
12,slime,Soldier,1,1776413595,skill,1776413651.136784
12,slime,Soldier,1,1776413595,skill,1776413651.1530092
12,slime,Soldier,1,1776413595,skill,1776413651.1691196
12,slime,Soldier,1,1776413595,skill,1776413651.1849678
12,slime,Soldier,1,1776413595,skill,1776413651.2015026
12,slime,Soldier,1,1776413595,skill,1776413651.2181847
12,slime,Soldier,1,1776413595,skill,1776413651.235302
12,slime,Soldier,1,1776413595,skill,1776413651.2522943
9,slime,Soldier,1,1776413595,skill,1776413652.4171464
9,slime,Soldier,1,1776413595,skill,1776413653.698164
9,slime,Soldier,1,1776413595,skill,1776413655.3928368
12,slime,Soldier,1,1776413595,skill,1776413659.2450204
12,slime,Soldier,1,1776413595,skill,1776413659.260951
12,slime,Soldier,1,1776413595,skill,1776413659.2770827
12,slime,Soldier,1,1776413595,skill,1776413659.2935169
12,slime,Soldier,1,1776413595,skill,1776413659.3109646
12,slime,Soldier,1,1776413595,skill,1776413659.327492
12,slime,Soldier,1,1776413595,skill,1776413659.3454518
12,slime,Soldier,1,1776413595,skill,1776413659.3608353
12,slime,Soldier,1,1776413595,skill,1776413659.3767273
12,slime,Soldier,1,1776413595,skill,1776413660.2351081
12,slime,Soldier,1,1776413595,skill,1776413660.2512867
12,slime,Soldier,1,1776413595,skill,1776413660.26831
12,slime,Soldier,1,1776413595,skill,1776413660.2683127
12,slime,Soldier,1,1776413595,skill,1776413660.2858377
12,slime,Soldier,1,1776413595,skill,1776413660.2858417
12,slime,Soldier,1,1776413595,skill,1776413660.3018694
12,slime,Soldier,1,1776413595,skill,1776413660.3018742
12,slime,Soldier,1,1776413595,skill,1776413660.318382
12,slime,Soldier,1,1776413595,skill,1776413660.3183832
12,slime,Soldier,1,1776413595,skill,1776413660.3354392
12,slime,Soldier,1,1776413595,skill,1776413660.3354404
12,slime,Soldier,1,1776413595,skill,1776413660.3528838
12,slime,Soldier,1,1776413595,skill,1776413660.352886
12,slime,Soldier,1,1776413595,skill,1776413662.5765355
12,slime,Soldier,1,1776413595,skill,1776413662.5935626
12,slime,Soldier,1,1776413595,skill,1776413662.609968
12,slime,Soldier,1,1776413595,skill,1776413662.6265764
12,slime,Soldier,1,1776413595,skill,1776413662.643012
12,slime,Soldier,1,1776413595,skill,1776413662.659549
12,slime,Soldier,1,1776413595,skill,1776413662.6762059
12,slime,Soldier,1,1776413595,skill,1776413662.692957
12,slime,Soldier,1,1776413595,skill,1776413667.5102623
12,slime,Soldier,1,1776413595,skill,1776413667.5102644
12,slime,Soldier,1,1776413595,skill,1776413667.5259337
12,slime,Soldier,1,1776413595,skill,1776413667.525936
12,slime,Soldier,1,1776413595,skill,1776413667.5421655
12,slime,Soldier,1,1776413595,skill,1776413667.5421677
12,slime,Soldier,1,1776413595,skill,1776413667.5581896
12,slime,Soldier,1,1776413595,skill,1776413667.5581908
12,slime,Soldier,1,1776413595,skill,1776413667.5745046
12,slime,Soldier,1,1776413595,skill,1776413667.5745065
12,slime,Soldier,1,1776413595,skill,1776413667.5915515
12,slime,Soldier,1,1776413595,skill,1776413667.591553
12,slime,Soldier,1,1776413595,skill,1776413667.608074
12,slime,Soldier,1,1776413595,skill,1776413667.6080754
12,slime,Soldier,1,1776413595,skill,1776413667.6252406
12,slime,Soldier,1,1776413595,skill,1776413667.6252437
12,slime,Soldier,1,1776413595,skill,1776413667.6412036
12,slime,Soldier,1,1776413595,skill,1776413667.6412053
12,slime,Soldier,1,1776413595,skill,1776413669.5114934
12,slime,Soldier,1,1776413595,skill,1776413669.5284657
12,slime,Soldier,1,1776413595,skill,1776413669.5444858
12,slime,Soldier,1,1776413595,skill,1776413669.5620496
12,slime,Soldier,1,1776413595,skill,1776413669.5785382
12,slime,Soldier,1,1776413595,skill,1776413669.5945647
12,slime,Soldier,1,1776413595,skill,1776413669.6114523
12,slime,Soldier,1,1776413595,skill,1776413669.6279755
12,slime,Soldier,1,1776413595,skill,1776413669.6439533
12,slime,Soldier,1,1776413595,skill,1776413674.958459
12,slime,Soldier,1,1776413595,skill,1776413674.9744918
12,slime,Soldier,1,1776413595,skill,1776413674.991932
12,slime,Soldier,1,1776413595,skill,1776413675.0081785
12,slime,Soldier,1,1776413595,skill,1776413675.025153
12,slime,Soldier,1,1776413595,skill,1776413675.0421484
12,slime,Soldier,1,1776413595,skill,1776413675.0587635
12,slime,Soldier,1,1776413595,skill,1776413675.0736327
12,slime,Soldier,1,1776413595,skill,1776413675.0901139
12,slime,Soldier,1,1776413595,skill,1776413675.9842496
12,slime,Soldier,1,1776413595,skill,1776413676.0005555
12,slime,Soldier,1,1776413595,skill,1776413676.531935
12,slime,Soldier,1,1776413595,skill,1776413676.5482423
12,slime,Soldier,1,1776413595,skill,1776413676.5657952
12,slime,Soldier,1,1776413595,skill,1776413676.5825024
12,slime,Soldier,1,1776413595,skill,1776413676.5983598
12,slime,Soldier,1,1776413595,skill,1776413676.615385
12,slime,Soldier,1,1776413595,skill,1776413676.6403384
12,slime,Soldier,1,1776413595,skill,1776413676.6511328
12,slime,Soldier,1,1776413595,skill,1776413677.228689
12,slime,Soldier,1,1776413595,skill,1776413677.2438815
12,slime,Soldier,1,1776413595,skill,1776413677.260832
12,slime,Soldier,1,1776413595,skill,1776413677.2766614
12,slime,Soldier,1,1776413595,skill,1776413677.2929847
12,slime,Soldier,1,1776413595,skill,1776413677.3093975
12,slime,Soldier,1,1776413595,skill,1776413677.3264186
12,slime,Soldier,1,1776413595,skill,1776413677.3444335
12,slime,Soldier,1,1776413595,skill,1776413677.3603456
12,slime,Soldier,1,1776413595,skill,1776413677.8052592
12,slime,Soldier,1,1776413595,skill,1776413677.8212905
12,slime,Soldier,1,1776413595,skill,1776413677.8388813
12,slime,Soldier,1,1776413595,skill,1776413677.8548956
12,slime,Soldier,1,1776413595,skill,1776413677.8714275
12,slime,Soldier,1,1776413595,skill,1776413677.888932
12,slime,Soldier,1,1776413595,skill,1776413677.9051905
12,slime,Soldier,1,1776413595,skill,1776413677.921426
12,slime,Soldier,1,1776413595,skill,1776413677.937876
12,slime,Soldier,1,1776413595,skill,1776413681.5952058
12,slime,Soldier,1,1776413595,skill,1776413681.6123989
12,slime,Soldier,1,1776413595,skill,1776413681.628373
12,slime,Soldier,1,1776413595,skill,1776413681.6459944
12,slime,Soldier,1,1776413595,skill,1776413681.662432
12,slime,Soldier,1,1776413595,skill,1776413681.6816216
12,slime,Soldier,1,1776413595,skill,1776413681.69576
12,slime,Soldier,1,1776413595,skill,1776413681.7116687
12,slime,Soldier,1,1776413595,skill,1776413686.2981682
12,slime,Soldier,1,1776413595,skill,1776413686.3143406
12,slime,Soldier,1,1776413595,skill,1776413686.3318934
12,slime,Soldier,1,1776413595,skill,1776413686.3484476
12,slime,Soldier,1,1776413595,skill,1776413686.3655298
12,slime,Soldier,1,1776413595,skill,1776413686.381967
12,slime,Soldier,1,1776413595,skill,1776413686.3988864
12,slime,Soldier,1,1776413595,skill,1776413686.4145992
12,slime,Soldier,1,1776413595,skill,1776413686.4305952
12,slime,Soldier,1,1776413595,skill,1776413688.4753587
12,slime,Soldier,1,1776413595,skill,1776413688.491544
12,slime,Soldier,1,1776413595,skill,1776413688.5073087
12,slime,Soldier,1,1776413595,skill,1776413688.5248508
12,slime,Soldier,1,1776413595,skill,1776413688.5418792
12,slime,Soldier,1,1776413595,skill,1776413688.5581572
12,slime,Soldier,1,1776413595,skill,1776413688.5756261
12,slime,Soldier,1,1776413595,skill,1776413688.5920749
12,slime,Soldier,1,1776413595,skill,1776413693.109255
12,slime,Soldier,1,1776413595,skill,1776413693.125955
12,slime,Soldier,1,1776413595,skill,1776413693.1506162
12,slime,Soldier,1,1776413595,skill,1776413693.1580641
12,slime,Soldier,1,1776413595,skill,1776413693.174598
12,slime,Soldier,1,1776413595,skill,1776413693.191139
12,slime,Soldier,1,1776413595,skill,1776413693.20816
12,slime,Soldier,1,1776413595,skill,1776413693.2266934
12,slime,Soldier,1,1776413595,skill,1776413693.2418048
12,slime,Soldier,1,1776413595,skill,1776413695.7155285
12,slime,Soldier,1,1776413595,skill,1776413695.715531
12,slime,Soldier,1,1776413595,skill,1776413695.7306154
12,slime,Soldier,1,1776413595,skill,1776413695.7306185
12,slime,Soldier,1,1776413595,skill,1776413695.7466276
12,slime,Soldier,1,1776413595,skill,1776413695.7466307
12,slime,Soldier,1,1776413595,skill,1776413695.7631865
12,slime,Soldier,1,1776413595,skill,1776413695.76319
12,slime,Soldier,1,1776413595,skill,1776413695.779698
12,slime,Soldier,1,1776413595,skill,1776413695.7797015
12,slime,Soldier,1,1776413595,skill,1776413695.796693
12,slime,Soldier,1,1776413595,skill,1776413695.7966967
12,slime,Soldier,1,1776413595,skill,1776413695.814132
12,slime,Soldier,1,1776413595,skill,1776413695.8141363
12,slime,Soldier,1,1776413595,skill,1776413695.830736
12,slime,Soldier,1,1776413595,skill,1776413695.830738
12,slime,Soldier,1,1776413595,skill,1776413695.846757
12,slime,Soldier,1,1776413595,skill,1776413695.8467588
12,slime,Soldier,1,1776413595,skill,1776413696.4075599
12,slime,Soldier,1,1776413595,skill,1776413696.4244764
12,slime,Soldier,1,1776413595,skill,1776413696.4419875
12,slime,Soldier,1,1776413595,skill,1776413696.4579775
12,slime,Soldier,1,1776413595,skill,1776413696.4745064
12,slime,Soldier,1,1776413595,skill,1776413696.4915373
12,slime,Soldier,1,1776413595,skill,1776413696.5081005
12,slime,Soldier,1,1776413595,skill,1776413696.525017
12,slime,Soldier,1,1776413595,skill,1776413703.70448
12,slime,Soldier,1,1776413595,skill,1776413703.7214592
12,slime,Soldier,1,1776413595,skill,1776413703.7390232
12,slime,Soldier,1,1776413595,skill,1776413703.755629
12,slime,Soldier,1,1776413595,skill,1776413703.7721088
12,slime,Soldier,1,1776413937,skill,1776413956.0646353
12,slime,Soldier,1,1776413937,skill,1776413956.0813332
12,slime,Soldier,1,1776413937,skill,1776413956.0978415
12,slime,Soldier,1,1776413937,skill,1776413956.1148949
12,slime,Soldier,1,1776413937,skill,1776413956.1324372
12,slime,Soldier,1,1776413937,skill,1776413956.1497083
12,slime,Soldier,1,1776413937,skill,1776413956.1662786
12,slime,Soldier,1,1776413937,skill,1776413956.181636
12,slime,Soldier,1,1776413937,skill,1776413958.186785
12,slime,Soldier,1,1776413937,skill,1776413958.20179
12,slime,Soldier,1,1776413937,skill,1776413958.2177887
12,slime,Soldier,1,1776413937,skill,1776413958.2343876
12,slime,Soldier,1,1776413937,skill,1776413958.2505977
12,slime,Soldier,1,1776413937,skill,1776413958.266373
12,slime,Soldier,1,1776413937,skill,1776413958.2835016
12,slime,Soldier,1,1776413937,skill,1776413958.2985375
12,slime,Soldier,1,1776413937,skill,1776413958.3151846
12,slime,Soldier,1,1776413937,skill,1776413958.5989678
12,slime,Soldier,1,1776413937,skill,1776413958.6162977
12,slime,Soldier,1,1776413937,skill,1776413958.6324434
12,slime,Soldier,1,1776413937,skill,1776413958.648404
12,slime,Soldier,1,1776413937,skill,1776413958.6642115
12,slime,Soldier,1,1776413937,skill,1776413958.6829028
12,slime,Soldier,1,1776413937,skill,1776413958.6985786
12,slime,Soldier,1,1776413937,skill,1776413958.7156148
12,slime,Soldier,1,1776413937,skill,1776413958.731787
12,slime,Soldier,1,1776413937,skill,1776413959.7252445
12,slime,Soldier,1,1776413937,skill,1776413959.7406952
12,slime,Soldier,1,1776413937,skill,1776413959.7568552
12,slime,Soldier,1,1776413937,skill,1776413959.773063
12,slime,Soldier,1,1776413937,skill,1776413959.7914414
12,slime,Soldier,1,1776413937,skill,1776413959.8082318
12,slime,Soldier,1,1776413937,skill,1776413959.8245006
12,slime,Soldier,1,1776413937,skill,1776413959.8398592
12,slime,Soldier,1,1776413937,skill,1776413959.8549514
12,slime,Soldier,1,1776413937,skill,1776413960.1361847
12,slime,Soldier,1,1776413937,skill,1776413960.1520917
12,slime,Soldier,1,1776413937,skill,1776413960.1695206
12,slime,Soldier,1,1776413937,skill,1776413960.1855528
12,slime,Soldier,1,1776413937,skill,1776413960.2015908
12,slime,Soldier,1,1776413937,skill,1776413960.2182047
12,slime,Soldier,1,1776413937,skill,1776413960.2347145
12,slime,Soldier,1,1776413937,skill,1776413960.2525349
12,slime,Soldier,1,1776413937,skill,1776413960.2682636
12,slime,Soldier,1,1776432447,skill,1776432453.0805247
12,slime,Soldier,1,1776432447,skill,1776432453.0967948
12,slime,Soldier,1,1776432447,skill,1776432453.1128545
12,slime,Soldier,1,1776432447,skill,1776432453.1293054
12,slime,Soldier,1,1776432447,skill,1776432453.146105
12,slime,Soldier,1,1776432447,skill,1776432453.1629262
12,slime,Soldier,1,1776432447,skill,1776432453.178922
12,slime,Soldier,1,1776432447,skill,1776432453.1954896
12,slime,Soldier,1,1776432447,skill,1776432453.2116477
12,slime,Soldier,1,1776432447,skill,1776432456.348213
12,slime,Soldier,1,1776432447,skill,1776432456.3640094
12,slime,Soldier,1,1776432447,skill,1776432456.3814747
12,slime,Soldier,1,1776432447,skill,1776432456.3976448
12,slime,Soldier,1,1776432447,skill,1776432456.414257
12,slime,Soldier,1,1776432447,skill,1776432456.4323974
12,slime,Soldier,1,1776432447,skill,1776432456.4479349
12,slime,Soldier,1,1776432447,skill,1776432456.465505
12,slime,Soldier,1,1776432447,skill,1776432456.9758136
9,slime,Soldier,1,1776432838,skill,1776432849.4148777
9,slime,Soldier,1,1776432838,skill,1776432850.3503115
12,slime,Soldier,1,1776432838,attack,1776432850.8755379
12,slime,Soldier,1,1776432838,attack,1776432851.6300569
12,slime,Soldier,1,1776432838,attack,1776432852.2980833
12,slime,Soldier,1,1776432838,attack,1776432852.9079628
13,slime,Soldier,2,1776432838,attack,1776432853.7664287
13,slime,Soldier,2,1776432838,attack,1776432854.1263216
13,slime,Soldier,2,1776432838,attack,1776432856.6019287
13,slime,Soldier,2,1776432838,attack,1776432857.5052116
13,slime,Soldier,2,1776432838,attack,1776432862.8718977
13,slime,Soldier,2,1776432838,attack,1776432863.6297436
13,slime,Soldier,2,1776432838,attack,1776432864.5509555
14,skeleton,Soldier,3,1776432838,attack,1776432866.1396468
14,skeleton,Soldier,3,1776432838,attack,1776432866.9635985
14,skeleton,Soldier,3,1776432838,attack,1776432867.7318273
14,skeleton,Soldier,3,1776432838,attack,1776432868.5414946
14,skeleton,Soldier,3,1776432838,attack,1776432869.3166432
14,slime,Soldier,3,1776432838,attack,1776432869.9356847
14,slime,Soldier,3,1776432838,attack,1776432871.1302643
15,skeleton,Soldier,4,1776432838,attack,1776432873.627367
15,skeleton,Soldier,4,1776432838,attack,1776432874.4246972
15,skeleton,Soldier,4,1776432838,attack,1776432874.9234564
15,slime,Soldier,4,1776432838,attack,1776432875.6378398
15,skeleton,Soldier,4,1776432838,attack,1776432875.6378424
15,skeleton,Soldier,4,1776432838,attack,1776432875.6378443
15,slime,Soldier,4,1776432838,attack,1776432876.2101932
15,skeleton,Soldier,4,1776432838,attack,1776432876.2101955
15,skeleton,Soldier,4,1776432838,attack,1776432876.2926474
12,skeleton,Soldier,4,1776432838,skill,1776432877.020534
15,slime,Soldier,4,1776432838,attack,1776432877.7182567
15,skeleton,Soldier,5,1776432838,attack,1776432877.7182658
16,skeleton,Soldier,5,1776432838,attack,1776432878.829883
16,slime,Soldier,5,1776432838,attack,1776432879.9894147
16,slime,Soldier,5,1776432838,attack,1776432880.601731
16,slime,Soldier,5,1776432838,attack,1776432881.2042787
16,slime,Soldier,5,1776432838,attack,1776432894.403666
16,slime,Soldier,5,1776432838,attack,1776432894.8376608
17,slime,Soldier,6,1776432838,attack,1776432895.4583106
17,slime,Soldier,6,1776432838,attack,1776432896.0447593
17,slime,Soldier,6,1776432838,attack,1776432896.4651
13,skeleton,Soldier,6,1776432838,skill,1776432899.2811038
17,skeleton,Soldier,6,1776432838,attack,1776432899.478951
17,skeleton,Soldier,6,1776432838,attack,1776432900.1274755
17,skeleton,Soldier,6,1776432838,attack,1776432900.5682662
17,skeleton,Soldier,6,1776432838,attack,1776432901.1791725
17,skeleton,Soldier,6,1776432838,attack,1776432901.7409267
17,skeleton,Soldier,6,1776432838,attack,1776432901.7409296
17,skeleton,Soldier,6,1776432838,attack,1776432902.27158
17,skeleton,Soldier,6,1776432838,attack,1776432902.8477962
17,slime,Soldier,6,1776432838,attack,1776432903.4449553
17,skeleton,Soldier,6,1776432838,attack,1776432903.4449577
17,slime,Soldier,6,1776432838,attack,1776432903.9696655
17,skeleton,Soldier,6,1776432838,attack,1776432903.969672
18,slime,Soldier,7,1776432838,attack,1776432904.6369185
18,slime,Soldier,7,1776432838,attack,1776432907.4106958
18,slime,Soldier,7,1776432838,attack,1776432908.8021061
18,slime,Soldier,7,1776432838,attack,1776432909.3885732
18,slime,Soldier,7,1776432838,attack,1776432909.9961598
18,slime,Soldier,7,1776432838,attack,1776432910.5825229
18,slime,Soldier,7,1776432838,attack,1776432911.1560063
19,slime,Soldier,8,1776432838,attack,1776432912.7748666
19,slime,Soldier,8,1776432838,attack,1776432913.3836105
19,slime,Soldier,8,1776432838,attack,1776432913.9462438
19,skeleton,Soldier,8,1776432838,attack,1776432916.5343363
19,skeleton,Soldier,8,1776432838,attack,1776432917.0697458
19,skeleton,Soldier,8,1776432838,attack,1776432917.5545833
19,skeleton,Soldier,8,1776432838,attack,1776432918.0045636
19,skeleton,Soldier,8,1776432838,attack,1776432918.454594
19,skeleton,Soldier,8,1776432838,attack,1776432919.024359
19,slime,Soldier,8,1776432838,attack,1776432919.6369805
19,slime,Soldier,8,1776432838,attack,1776432920.3035414
15,skeleton,Soldier,8,1776432838,skill,1776432921.3029165
15,skeleton,Soldier,8,1776432838,skill,1776432922.1113696
19,skeleton,Soldier,8,1776432838,attack,1776432922.677543
19,skeleton,Soldier,8,1776432838,attack,1776432923.330567
19,skeleton,Soldier,8,1776432838,attack,1776432923.8975291
19,skeleton,Soldier,8,1776432838,attack,1776432924.5156474
20,skeleton,Soldier,9,1776432838,attack,1776432926.1212323
20,skeleton,Soldier,9,1776432838,attack,1776432926.7175634
20,skeleton,Soldier,9,1776432838,attack,1776432927.2509108
20,skeleton,Soldier,9,1776432838,attack,1776432927.6659765
20,skeleton,Soldier,9,1776432838,attack,1776432928.0831673
20,slime,Soldier,9,1776432838,attack,1776432930.1834404
20,slime,Soldier,9,1776432838,attack,1776432930.5994065
20,slime,Soldier,9,1776432838,attack,1776432931.004767
21,skeleton,Soldier,10,1776432838,attack,1776432931.7852657
21,slime,Soldier,10,1776432838,attack,1776432932.4124575
21,slime,Soldier,10,1776432838,attack,1776432932.9561253
21,skeleton,Soldier,10,1776432838,attack,1776432932.9561367
21,skeleton,Soldier,10,1776432838,attack,1776432933.4612308
21,skeleton,Soldier,10,1776432838,attack,1776432934.0037134
21,skeleton,Soldier,10,1776432838,attack,1776432934.466511
21,skeleton,Soldier,10,1776432838,attack,1776432935.0291412
21,skeleton,Soldier,10,1776432838,attack,1776432937.3862734
21,slime,Soldier,10,1776432838,attack,1776432937.984202
21,skeleton,Soldier,10,1776432838,attack,1776432937.9842052
21,slime,Soldier,10,1776432838,attack,1776432938.4463904
21,skeleton,Soldier,10,1776432838,attack,1776432938.4463992
16,skeleton,Soldier,10,1776432838,skill,1776432939.3680806
21,skeleton,Soldier,10,1776432838,attack,1776432939.8849776
21,skeleton,Soldier,10,1776432838,attack,1776432940.2963114
21,skeleton,Soldier,10,1776432838,attack,1776432940.7038221
21,skeleton,Soldier,10,1776432838,attack,1776432942.0225165
16,skeleton,Soldier,10,1776432838,skill,1776432942.8844283
16,skeleton,Soldier,10,1776432838,skill,1776432944.0608656
21,skeleton,Soldier,10,1776432838,attack,1776432945.9136834
21,skeleton,Soldier,10,1776432838,attack,1776432946.6600118
21,skeleton,Soldier,10,1776432838,attack,1776432947.204163
21,skeleton,Soldier,10,1776432838,attack,1776432947.8026175
21,skeleton,Soldier,10,1776432838,attack,1776432948.368008
21,skeleton,Soldier,10,1776432838,attack,1776432948.4525132
21,skeleton,Soldier,10,1776432838,attack,1776432949.206068
21,skeleton,Soldier,10,1776432838,attack,1776432949.2396278
21,skeleton,Soldier,10,1776432838,attack,1776432949.7921805
21,skeleton,Soldier,10,1776432838,attack,1776432949.792183
22,skeleton,Soldier,11,1776432838,attack,1776432950.208483
17,mini_boss_1,Soldier,11,1776432838,skill,1776432955.6666512
17,mini_boss_1,Soldier,11,1776432838,skill,1776432956.830139
17,mini_boss_1,Soldier,11,1776432838,skill,1776432957.6720262
22,mini_boss_1,Soldier,11,1776432838,attack,1776432960.5166938
22,mini_boss_1,Soldier,11,1776432838,attack,1776432964.117561
22,mini_boss_1,Soldier,11,1776432838,attack,1776432965.1254625
22,mini_boss_1,Soldier,11,1776432838,attack,1776432965.7961397
22,mini_boss_1,Soldier,11,1776432838,attack,1776432966.810199
17,mini_boss_1,Soldier,11,1776432838,skill,1776432967.553178
17,mini_boss_1,Soldier,11,1776432838,skill,1776432968.6569529
22,mini_boss_1,Soldier,11,1776432838,attack,1776432969.525966
22,mini_boss_1,Soldier,11,1776432838,attack,1776432970.215327
22,mini_boss_1,Soldier,11,1776432838,attack,1776432970.965065
22,mini_boss_1,Soldier,11,1776432838,attack,1776432971.772617
22,mini_boss_1,Soldier,11,1776432838,attack,1776432972.6522217
22,mini_boss_1,Soldier,11,1776432838,attack,1776432973.2992916
17,mini_boss_1,Soldier,11,1776432838,skill,1776432973.8777013
17,mini_boss_1,Soldier,11,1776432838,skill,1776432975.0000129
62,slime,Wizard,12,1776432838,attack,1776432992.2806094
62,slime,Wizard,12,1776432838,attack,1776432994.146158
130,skeleton,Wizard,12,1776432838,skill,1776432998.435504
62,skeleton,Wizard,12,1776432838,attack,1776432999.9770305
9,slime,Soldier,1,1776433657,skill,1776433661.661925
12,slime,Soldier,1,1776433657,attack,1776433662.2585742
12,slime,Soldier,1,1776433657,attack,1776433662.8538954
12,slime,Soldier,1,1776433657,attack,1776433673.4580243
12,slime,Soldier,1,1776433657,attack,1776433674.3280017
12,slime,Soldier,1,1776433657,attack,1776433675.1399055
12,slime,Soldier,1,1776433657,attack,1776433675.13991
13,slime,Soldier,2,1776433657,attack,1776433675.9331894
13,slime,Soldier,2,1776433657,attack,1776433675.933198
13,slime,Soldier,2,1776433657,attack,1776433677.290262
13,slime,Soldier,2,1776433657,attack,1776433680.9446313
13,slime,Soldier,2,1776433657,attack,1776433681.762133
13,slime,Soldier,2,1776433657,attack,1776433682.3296952
14,slime,Soldier,3,1776433657,attack,1776433696.0559614
14,slime,Soldier,3,1776433657,attack,1776433696.909492
14,slime,Soldier,3,1776433657,attack,1776433696.9094992
14,slime,Soldier,3,1776433657,attack,1776433708.7490377
14,slime,Soldier,3,1776433657,attack,1776433709.6141195
14,slime,Soldier,3,1776433657,attack,1776433711.2629957
11,slime,Soldier,3,1776433657,skill,1776433715.083969
14,slime,Soldier,3,1776433657,attack,1776433715.9562545
14,slime,Soldier,3,1776433657,attack,1776433716.8242357
15,slime,Soldier,4,1776433657,attack,1776433717.6675475
15,slime,Soldier,4,1776433657,attack,1776433718.359255
15,skeleton,Soldier,4,1776433657,attack,1776433718.359263
15,skeleton,Soldier,4,1776433657,attack,1776433720.5375435
15,skeleton,Soldier,4,1776433657,attack,1776433721.3608685
15,skeleton,Soldier,4,1776433657,attack,1776433722.1028094
15,skeleton,Soldier,4,1776433657,attack,1776433722.7412283
12,skeleton,Soldier,5,1776433657,skill,1776433725.6640155
16,skeleton,Soldier,5,1776433657,attack,1776433725.8128674
16,skeleton,Soldier,5,1776433657,attack,1776433726.579471
16,skeleton,Soldier,5,1776433657,attack,1776433727.200836
16,skeleton,Soldier,5,1776433657,attack,1776433727.804752
16,slime,Soldier,5,1776433657,attack,1776433729.8573055
16,skeleton,Soldier,5,1776433657,attack,1776433730.4949765
16,skeleton,Soldier,5,1776433657,attack,1776433731.1712651
16,slime,Soldier,5,1776433657,attack,1776433731.1712687
16,slime,Soldier,5,1776433657,attack,1776433731.81545
16,skeleton,Soldier,5,1776433657,attack,1776433731.8154519
16,skeleton,Soldier,5,1776433657,attack,1776433732.476443
16,skeleton,Soldier,5,1776433657,attack,1776433733.1917908
17,slime,Soldier,6,1776433657,attack,1776433733.852999
17,skeleton,Soldier,6,1776433657,attack,1776433734.5137532
17,skeleton,Soldier,6,1776433657,attack,1776433735.0946975
17,skeleton,Soldier,6,1776433657,attack,1776433735.6911554
17,skeleton,Soldier,6,1776433657,attack,1776433736.341801
17,skeleton,Soldier,6,1776433657,attack,1776433736.858151
18,skeleton,Soldier,7,1776433657,attack,1776433738.4148417
18,skeleton,Soldier,7,1776433657,attack,1776433738.8777335
18,skeleton,Soldier,7,1776433657,attack,1776433739.4578042
18,skeleton,Soldier,7,1776433657,attack,1776433740.0616493
14,slime,Soldier,7,1776433657,skill,1776433743.8877149
18,slime,Soldier,7,1776433657,attack,1776433744.1671193
18,slime,Soldier,7,1776433657,attack,1776433744.8676004
18,skeleton,Soldier,7,1776433657,attack,1776433745.5788279
18,skeleton,Soldier,7,1776433657,attack,1776433746.2266395
18,skeleton,Soldier,7,1776433657,attack,1776433746.840342
18,skeleton,Soldier,7,1776433657,attack,1776433747.4735417
14,skeleton,Soldier,7,1776433657,skill,1776433748.21559
18,skeleton,Soldier,7,1776433657,attack,1776433749.3076324
19,slime,Soldier,8,1776433657,attack,1776433750.6240938
19,skeleton,Soldier,8,1776433657,attack,1776433752.3377805
19,skeleton,Soldier,8,1776433657,attack,1776433752.403578
19,skeleton,Soldier,8,1776433657,attack,1776433753.0517957
19,skeleton,Soldier,8,1776433657,attack,1776433753.0517983
19,skeleton,Soldier,8,1776433657,attack,1776433753.7216423
19,skeleton,Soldier,8,1776433657,attack,1776433753.7534401
19,skeleton,Soldier,8,1776433657,attack,1776433754.36095
19,skeleton,Soldier,8,1776433657,attack,1776433754.3609521
19,skeleton,Soldier,8,1776433657,attack,1776433755.0397959
19,skeleton,Soldier,8,1776433657,attack,1776433755.0398037
19,slime,Soldier,8,1776433657,attack,1776433755.700938
19,skeleton,Soldier,8,1776433657,attack,1776433755.7009408
20,slime,Soldier,9,1776433657,attack,1776433756.3429446
16,slime,Soldier,9,1776433657,skill,1776433759.5867364
20,slime,Soldier,9,1776433657,attack,1776433761.2901132
20,slime,Soldier,9,1776433657,attack,1776433762.768929
20,slime,Soldier,9,1776433657,attack,1776433763.5676548
20,slime,Soldier,9,1776433657,attack,1776433763.567658
20,skeleton,Soldier,9,1776433657,attack,1776433765.3650806
20,skeleton,Soldier,9,1776433657,attack,1776433766.0994737
20,slime,Soldier,9,1776433657,attack,1776433766.6840484
20,skeleton,Soldier,9,1776433657,attack,1776433766.684056
20,skeleton,Soldier,9,1776433657,attack,1776433767.0847414
20,skeleton,Soldier,9,1776433657,attack,1776433767.9671352
21,skeleton,Soldier,10,1776433657,attack,1776433770.6318655
16,skeleton,Soldier,10,1776433657,skill,1776433771.4073126
21,skeleton,Soldier,10,1776433657,attack,1776433772.9554436
21,skeleton,Soldier,10,1776433657,attack,1776433773.6507647
21,skeleton,Soldier,10,1776433657,attack,1776433774.3107867
21,skeleton,Soldier,10,1776433657,attack,1776433774.9242792
16,skeleton,Soldier,10,1776433657,skill,1776433777.0723398
21,skeleton,Soldier,10,1776433657,attack,1776433777.4060874
21,skeleton,Soldier,10,1776433657,attack,1776433778.1464946
21,skeleton,Soldier,10,1776433657,attack,1776433780.0541246
21,mini_boss_1,Soldier,10,1776433657,attack,1776433784.1263466
21,mini_boss_1,Soldier,10,1776433657,attack,1776433785.9307203
21,mini_boss_1,Soldier,10,1776433657,attack,1776433787.8478894
21,mini_boss_1,Soldier,10,1776433657,attack,1776433788.7428098
21,mini_boss_1,Soldier,10,1776433657,attack,1776433789.533577
21,mini_boss_1,Soldier,10,1776433657,attack,1776433790.2803192
21,mini_boss_1,Soldier,10,1776433657,attack,1776433791.2271159
21,mini_boss_1,Soldier,10,1776433657,attack,1776433791.9786305
21,mini_boss_1,Soldier,10,1776433657,attack,1776433793.5978448
16,mini_boss_1,Soldier,10,1776433657,skill,1776433800.6164324
16,mini_boss_1,Soldier,10,1776433657,skill,1776433801.7211692
16,mini_boss_1,Soldier,10,1776433657,skill,1776433803.8733723
16,mini_boss_1,Soldier,10,1776433657,skill,1776433807.0343053
16,mini_boss_1,Soldier,10,1776433657,skill,1776433807.84987
16,mini_boss_1,Soldier,10,1776433657,skill,1776433810.123289
16,mini_boss_1,Soldier,10,1776433657,skill,1776433811.1770132
16,mini_boss_1,Soldier,10,1776433657,skill,1776433812.155001
16,mini_boss_1,Soldier,10,1776433657,skill,1776433812.957991
16,mini_boss_1,Soldier,10,1776433657,skill,1776433813.8117785
16,mini_boss_1,Soldier,10,1776433657,skill,1776433814.8657494
57,slime,Archer,11,1776433657,skill,1776433821.736841
57,slime,Archer,11,1776433657,skill,1776433824.2531598
38,slime,Archer,11,1776433657,attack,1776433825.9800076
38,slime,Archer,11,1776433657,attack,1776433827.0744457
40,skeleton,Archer,12,1776433657,attack,1776433828.0990534
40,skeleton,Archer,12,1776433657,attack,1776433828.8906944
40,slime,Archer,12,1776433657,attack,1776433830.2989452
40,slime,Archer,12,1776433657,attack,1776433831.055937
60,slime,Archer,12,1776433657,skill,1776433832.872133
40,slime,Archer,12,1776433657,attack,1776433833.7881742
40,skeleton,Archer,12,1776433657,attack,1776433834.9400575
40,skeleton,Archer,12,1776433657,attack,1776433835.9362078
40,skeleton,Archer,12,1776433657,attack,1776433837.6872604
40,skeleton,Archer,12,1776433657,attack,1776433838.5257769
42,skeleton,Archer,13,1776433657,attack,1776433843.4970582
42,slime,Archer,13,1776433657,attack,1776433844.0257578
63,slime,Archer,13,1776433657,skill,1776433844.7338386
42,skeleton,Archer,13,1776433657,attack,1776433846.1078393
42,skeleton,Archer,13,1776433657,attack,1776433847.148146
42,slime,Archer,13,1776433657,attack,1776433848.2778053
42,slime,Archer,13,1776433657,attack,1776433848.8918638
42,skeleton,Archer,13,1776433657,attack,1776433850.6379912
42,skeleton,Archer,13,1776433657,attack,1776433851.4402366
63,slime,Archer,13,1776433657,skill,1776433852.6760128
42,skeleton,Archer,13,1776433657,attack,1776433853.4694958
42,skeleton,Archer,13,1776433657,attack,1776433854.2497795
44,slime,Archer,14,1776433657,attack,1776433855.88772
44,skeleton,Archer,14,1776433657,attack,1776433857.7398322
44,skeleton,Archer,14,1776433657,attack,1776433858.8197558
66,skeleton,Archer,14,1776433657,skill,1776433860.5116262
66,slime,Archer,14,1776433657,skill,1776433860.5757806
66,skeleton,Archer,15,1776433657,skill,1776433860.5918038
66,skeleton,Archer,15,1776433657,skill,1776433860.7745094
46,skeleton,Archer,15,1776433657,attack,1776433861.4938333
46,skeleton,Archer,15,1776433657,attack,1776433862.663894
46,skeleton,Archer,15,1776433657,attack,1776433863.0035222
46,skeleton,Archer,15,1776433657,attack,1776433865.4559855
69,skeleton,Archer,15,1776433657,skill,1776433866.2534852
46,skeleton,Archer,15,1776433657,attack,1776433867.0705252
46,skeleton,Archer,15,1776433657,attack,1776433867.7517602
48,skeleton,Archer,16,1776433657,attack,1776433869.0838933
48,skeleton,Archer,16,1776433657,attack,1776433869.6246574
72,skeleton,Archer,16,1776433657,skill,1776433870.1010983
72,skeleton,Archer,16,1776433657,skill,1776433870.3828862
48,skeleton,Archer,16,1776433657,attack,1776433871.5595598
48,skeleton,Archer,16,1776433657,attack,1776433872.590026
48,orc,Archer,16,1776433657,attack,1776433875.2009523
48,orc,Archer,16,1776433657,attack,1776433876.021201
48,orc,Archer,16,1776433657,attack,1776433876.762729
48,orc,Archer,16,1776433657,attack,1776433878.0074358
48,skeleton,Archer,16,1776433657,attack,1776433878.8887594
48,skeleton,Archer,16,1776433657,attack,1776433879.5910711
48,skeleton,Archer,16,1776433657,attack,1776433880.7147875
48,skeleton,Archer,16,1776433657,attack,1776433881.4114153
50,orc,Archer,17,1776433657,attack,1776433882.8342366
50,orc,Archer,17,1776433657,attack,1776433883.6241016
50,skeleton,Archer,17,1776433657,attack,1776433885.9873855
50,skeleton,Archer,17,1776433657,attack,1776433886.7808313
50,orc,Archer,17,1776433657,attack,1776433887.4417562
75,orc,Archer,17,1776433657,skill,1776433888.315553
75,skeleton,Archer,17,1776433657,skill,1776433888.429696
52,orc,Archer,18,1776433657,attack,1776433889.2565567
52,orc,Archer,18,1776433657,attack,1776433889.9126556
52,orc,Archer,18,1776433657,attack,1776433891.2909887
52,orc,Archer,18,1776433657,attack,1776433891.9377384
52,skeleton,Archer,18,1776433657,attack,1776433893.1063643
52,skeleton,Archer,18,1776433657,attack,1776433893.8946784
52,skeleton,Archer,18,1776433657,attack,1776433894.50457
52,skeleton,Archer,18,1776433657,attack,1776433895.141067
54,orc,Archer,19,1776433657,attack,1776433896.3184688
54,orc,Archer,19,1776433657,attack,1776433897.0553243
54,orc,Archer,19,1776433657,attack,1776433897.6734004
54,orc,Archer,19,1776433657,attack,1776433898.3185837
54,orc,Archer,19,1776433657,attack,1776433898.941384
54,orc,Archer,19,1776433657,attack,1776433899.5356836
54,orc,Archer,19,1776433657,attack,1776433900.5767715
54,orc,Archer,19,1776433657,attack,1776433901.0734258
81,orc,Archer,19,1776433657,skill,1776433901.6944914
54,orc,Archer,19,1776433657,attack,1776433902.4248183
54,orc,Archer,19,1776433657,attack,1776433903.0074182
54,orc,Archer,19,1776433657,attack,1776433903.722267
56,orc,Archer,20,1776433657,attack,1776433906.2006414
84,orc,Archer,20,1776433657,skill,1776433906.666449
84,orc,Archer,20,1776433657,skill,1776433906.896815
84,skeleton,Archer,20,1776433657,skill,1776433907.0636642
56,orc,Archer,20,1776433657,attack,1776433907.6127903
56,orc,Archer,20,1776433657,attack,1776433908.375162
56,slime,Archer,20,1776433657,attack,1776433909.4771683
56,orc,Archer,20,1776433657,attack,1776433910.0923655
56,orc,Archer,20,1776433657,attack,1776433910.9261184
84,slime,Archer,20,1776433657,skill,1776433911.4404755
84,orc,Archer,21,1776433657,skill,1776433911.4575453
58,skeleton,Archer,21,1776433657,attack,1776433914.5943365
58,skeleton,Archer,21,1776433657,attack,1776433915.4352927
58,skeleton,Archer,21,1776433657,attack,1776433916.3304055
87,orc,Archer,21,1776433657,skill,1776433920.145442
87,skeleton,Archer,21,1776433657,skill,1776433920.2107515
58,orc,Archer,21,1776433657,attack,1776433921.1845477
58,orc,Archer,21,1776433657,attack,1776433922.177259
58,orc,Archer,21,1776433657,attack,1776433922.6705644
58,orc,Archer,21,1776433657,attack,1776433923.3763976
60,skeleton,Archer,22,1776433657,attack,1776433924.1011722
60,skeleton,Archer,22,1776433657,attack,1776433924.9065106
60,mini_boss_2,Archer,22,1776433657,attack,1776433933.679152
60,mini_boss_2,Archer,22,1776433657,attack,1776433934.6419222
60,mini_boss_2,Archer,22,1776433657,attack,1776433935.1903613
60,mini_boss_2,Archer,22,1776433657,attack,1776433938.9511719
60,mini_boss_2,Archer,22,1776433657,attack,1776433939.974761
60,mini_boss_2,Archer,22,1776433657,attack,1776433940.8230908
60,mini_boss_2,Archer,22,1776433657,attack,1776433941.4148185
60,mini_boss_2,Archer,22,1776433657,attack,1776433942.4492848
60,mini_boss_2,Archer,22,1776433657,attack,1776433943.3895411
60,mini_boss_2,Archer,22,1776433657,attack,1776433944.3119094
60,mini_boss_2,Archer,22,1776433657,attack,1776433945.6030843
60,mini_boss_2,Archer,22,1776433657,attack,1776433946.5091374
93,skeleton,Archer,23,1776433657,skill,1776433949.7815502
62,skeleton,Archer,23,1776433657,attack,1776433951.309914
62,skeleton,Archer,23,1776433657,attack,1776433951.8198023
