current_level,game_time,session_id,timestamp,total_exp
1,3.0,1776412662,1776412667.4077775,0
1,6.01,1776412662,1776412670.4131436,0
1,3.01,1776413595,1776413598.9795482,0
1,6.03,1776413595,1776413601.9953868,0
1,9.04,1776413595,1776413605.0058844,0
1,12.04,1776413595,1776413608.013853,0
1,15.05,1776413595,1776413611.0207474,0
1,18.06,1776413595,1776413614.0289745,0
1,21.07,1776413595,1776413617.038987,0
1,24.08,1776413595,1776413620.053406,0
1,27.1,1776413595,1776413623.0675607,0
1,30.1,1776413595,1776413626.0694742,0
1,33.11,1776413595,1776413629.0773351,0
1,36.11,1776413595,1776413632.0824924,0
1,39.12,1776413595,1776413635.0934796,0
1,42.13,1776413595,1776413638.103959,0
1,45.13,1776413595,1776413641.098649,0
1,48.14,1776413595,1776413644.1139479,0
1,51.15,1776413595,1776413647.11478,0
1,54.16,1776413595,1776413650.1315198,0
1,57.17,1776413595,1776413653.133915,0
1,60.17,1776413595,1776413656.1375945,0
1,63.18,1776413595,1776413659.1454785,0
1,66.18,1776413595,1776413662.1508648,0
1,69.2,1776413595,1776413665.1636992,0
1,72.2,1776413595,1776413668.169027,0
1,75.2,1776413595,1776413671.1725137,0
1,78.21,1776413595,1776413674.1825025,0
1,81.23,1776413595,1776413677.19503,0
1,84.23,1776413595,1776413680.1955998,0
1,87.24,1776413595,1776413683.211089,0
1,90.25,1776413595,1776413686.2134073,0
1,93.25,1776413595,1776413689.2154975,0
1,96.26,1776413595,1776413692.2320092,0
1,99.28,1776413595,1776413695.2486248,0
1,102.28,1776413595,1776413698.2519307,0
1,105.29,1776413595,1776413701.2545798,0
1,108.29,1776413595,1776413704.25709,0
1,3.01,1776413937,1776413943.0209272,0
1,6.02,1776413937,1776413946.0290651,0
1,9.02,1776413937,1776413949.0312617,0
1,12.03,1776413937,1776413952.0435166,0
1,15.04,1776413937,1776413955.049948,0
1,18.04,1776413937,1776413958.0531096,0
1,21.05,1776413937,1776413961.0639634,0
1,3.02,1776432447,1776432451.7999675,0
1,6.03,1776432447,1776432454.816295,0
1,9.04,1776432447,1776432457.823701,0
1,12.04,1776432447,1776432460.826585,0
1,,3.01,1776432838,,1776432842.7285833,0
1,,6.01,1776432838,,1776432845.729803,0
1,,9.02,1776432838,,1776432848.7379756,0
1,12,11.15,1776432838,slime,1776432850.8755457,12
1,,12.02,1776432838,,1776432851.7425861,12
2,12,13.19,1776432838,slime,1776432852.9079766,24
2,12,14.4,1776432838,slime,1776432854.126326,36
2,,15.04,1776432838,,1776432854.7589624,36
2,12,17.78,1776432838,slime,1776432857.505216,48
2,,18.05,1776432838,,1776432857.7676642,48
2,,21.06,1776432838,,1776432860.7830534,48
2,,24.07,1776432838,,1776432863.7954724,48
3,13,24.83,1776432838,slime,1776432864.550964,61
3,,27.09,1776432838,,1776432866.811563,61
3,32,29.6,1776432838,skeleton,1776432869.3166478,93
3,,30.1,1776432838,,1776432869.8183212,93
4,13,31.41,1776432838,slime,1776432871.1302707,106
4,,33.11,1776432838,,1776432872.8341746,106
4,,36.12,1776432838,,1776432875.8371809,106
4,36,36.57,1776432838,skeleton,1776432876.2926562,142
5,15,38.0,1776432838,slime,1776432877.7182627,157
5,32,39.11,1776432838,skeleton,1776432878.829888,189
5,,39.13,1776432838,,1776432878.8460631,189
5,19,41.48,1776432838,slime,1776432881.204283,208
5,,42.13,1776432838,,1776432881.8532746,208
5,,45.14,1776432838,,1776432884.8552785,208
5,,48.15,1776432838,,1776432887.8713443,208
5,,51.16,1776432838,,1776432890.8770404,208
5,,54.17,1776432838,,1776432893.891826,208
6,13,55.12,1776432838,slime,1776432894.8376667,221
6,19,56.75,1776432838,slime,1776432896.4651046,240
6,,57.18,1776432838,,1776432896.8970075,240
6,,60.19,1776432838,,1776432899.9106479,240
6,43,62.02,1776432838,skeleton,1776432901.7409337,283
6,,63.2,1776432838,,1776432902.9132786,283
7,40,64.25,1776432838,skeleton,1776432903.969679,323
7,19,64.92,1776432838,slime,1776432904.6369228,342
7,,66.21,1776432838,,1776432905.9307704,342
7,,69.22,1776432838,,1776432908.9344156,342
7,19,69.67,1776432838,slime,1776432909.3885813,361
8,19,71.44,1776432838,slime,1776432911.156012,380
8,,72.22,1776432838,,1776432911.9394438,380
8,22,74.23,1776432838,slime,1776432913.9462492,402
8,,75.22,1776432838,,1776432914.9401627,402
8,,78.24,1776432838,,1776432917.9524426,402
8,51,79.31,1776432838,skeleton,1776432919.024363,453
8,17,80.59,1776432838,slime,1776432920.3035462,470
8,,81.24,1776432838,,1776432920.9533656,470
8,,84.25,1776432838,,1776432923.9632406,470
9,51,84.8,1776432838,skeleton,1776432924.5156531,521
9,,87.25,1776432838,,1776432926.9642174,521
9,47,88.37,1776432838,skeleton,1776432928.0831754,568
9,,90.25,1776432838,,1776432929.9673846,568
10,24,91.29,1776432838,slime,1776432931.0047731,592
10,17,93.24,1776432838,slime,1776432932.9561324,609
10,,93.26,1776432838,,1776432932.9719024,609
10,55,95.31,1776432838,skeleton,1776432935.0291457,664
10,,96.27,1776432838,,1776432935.985745,664
10,12,98.73,1776432838,slime,1776432938.4463954,676
10,,99.28,1776432838,,1776432938.9913409,676
10,,102.29,1776432838,,1776432942.0059965,676
10,,105.3,1776432838,,1776432945.020429,676
10,,108.32,1776432838,,1776432948.0357993,676
11,55,110.08,1776432838,skeleton,1776432949.7921898,731
11,51,110.49,1776432838,skeleton,1776432950.2084875,782
11,,111.33,1776432838,,1776432951.0457788,782
11,,114.34,1776432838,,1776432954.0583315,782
11,,117.35,1776432838,,1776432957.0637844,782
11,,120.36,1776432838,,1776432960.0714898,782
11,,123.36,1776432838,,1776432963.0769308,782
11,,126.37,1776432838,,1776432966.0850496,782
11,,129.39,1776432838,,1776432969.1008694,782
11,,132.39,1776432838,,1776432972.104913,782
12,100,135.29,1776432838,mini_boss_1,1776432975.000023,882
12,,135.4,1776432838,,1776432975.1150272,882
12,,138.41,1776432838,,1776432986.530821,882
12,,141.42,1776432838,,1776432989.5335627,882
12,,144.43,1776432838,,1776432992.5422761,882
12,31,146.03,1776432838,slime,1776432994.1461685,913
12,,147.44,1776432838,,1776432995.5570729,913
12,,150.45,1776432838,,1776432998.5662718,913
13,66,151.86,1776432838,skeleton,1776432999.977041,979
13,,153.45,1776432838,,1776433001.5686412,979
13,,156.47,1776432838,,1776433004.584087,979
1,,3.01,1776433657,,1776433660.8034356,0
1,12,5.06,1776433657,slime,1776433662.8539052,12
1,,6.02,1776433657,,1776433663.8142736,12
1,,9.03,1776433657,,1776433666.824311,12
1,,12.04,1776433657,,1776433669.8417373,12
1,,15.06,1776433657,,1776433672.8539279,12
2,12,17.34,1776433657,slime,1776433675.139922,24
2,,18.07,1776433657,,1776433675.8668752,24
2,12,18.14,1776433657,slime,1776433675.9331944,36
2,12,19.49,1776433657,slime,1776433677.2902663,48
2,,21.09,1776433657,,1776433678.8833652,48
2,,24.1,1776433657,,1776433681.8963983,48
3,13,24.53,1776433657,slime,1776433682.329705,61
3,,27.11,1776433657,,1776433684.9020717,61
3,,30.11,1776433657,,1776433687.9057813,61
3,,33.11,1776433657,,1776433690.9091346,61
3,,36.12,1776433657,,1776433693.9120646,61
3,13,39.11,1776433657,slime,1776433696.9094965,74
3,,39.13,1776433657,,1776433696.9261868,74
3,,42.14,1776433657,,1776433699.9337811,74
3,,45.15,1776433657,,1776433702.9435945,74
3,,48.16,1776433657,,1776433705.9567204,74
3,,51.17,1776433657,,1776433708.9660244,74
3,12,51.82,1776433657,slime,1776433709.614124,86
3,13,53.47,1776433657,slime,1776433711.263,99
3,,54.19,1776433657,,1776433711.98223,99
3,,57.19,1776433657,,1776433714.9842536,99
4,15,59.03,1776433657,slime,1776433716.8242412,114
4,,60.2,1776433657,,1776433717.9957156,114
4,12,60.57,1776433657,slime,1776433718.3592594,126
4,,63.21,1776433657,,1776433720.9996765,126
5,32,64.95,1776433657,skeleton,1776433722.7412348,158
5,,66.21,1776433657,,1776433724.001699,158
5,,69.21,1776433657,,1776433727.0048234,158
5,36,70.01,1776433657,skeleton,1776433727.8047576,194
5,,72.23,1776433657,,1776433730.0186217,194
5,15,73.38,1776433657,slime,1776433731.171273,209
5,,75.23,1776433657,,1776433733.0246377,209
6,32,75.4,1776433657,skeleton,1776433733.1917963,241
6,15,76.06,1776433657,slime,1776433733.8530035,256
6,,78.25,1776433657,,1776433736.0404704,256
7,36,79.06,1776433657,skeleton,1776433736.8581562,292
7,,81.25,1776433657,,1776433739.0437245,292
7,32,82.27,1776433657,skeleton,1776433740.0616546,324
7,,84.25,1776433657,,1776433742.0441167,324
7,21,87.08,1776433657,slime,1776433744.8676121,345
7,,87.26,1776433657,,1776433745.0500684,345
7,,90.27,1776433657,,1776433748.065628,345
8,47,91.52,1776433657,skeleton,1776433749.3076386,392
8,,93.29,1776433657,,1776433751.0784678,392
8,,96.29,1776433657,,1776433754.080273,392
8,47,97.25,1776433657,skeleton,1776433755.039801,439
9,51,97.91,1776433657,skeleton,1776433755.7009475,490
9,22,98.55,1776433657,slime,1776433756.3429487,512
9,,99.29,1776433657,,1776433757.0854807,512
9,,102.3,1776433657,,1776433760.0887382,512
9,,105.31,1776433657,,1776433763.1013622,512
9,22,105.78,1776433657,slime,1776433763.5676625,534
9,,108.32,1776433657,,1776433766.1154392,534
9,19,108.89,1776433657,slime,1776433766.684053,553
10,47,110.18,1776433657,skeleton,1776433767.9671416,600
10,,111.33,1776433657,,1776433769.122334,600
10,,114.34,1776433657,,1776433772.1293135,600
10,55,117.13,1776433657,skeleton,1776433774.9242835,655
10,,117.35,1776433657,,1776433775.140328,655
10,,120.36,1776433657,,1776433778.146503,655
10,32,122.26,1776433657,skeleton,1776433780.0541334,687
10,,123.36,1776433657,,1776433781.1512501,687
10,,126.37,1776433657,,1776433784.1584334,687
10,,129.38,1776433657,,1776433787.1726906,687
10,,132.39,1776433657,,1776433790.181062,687
10,,135.41,1776433657,,1776433793.1965797,687
10,,138.42,1776433657,,1776433796.2105393,687
10,,141.43,1776433657,,1776433799.22436,687
10,,144.45,1776433657,,1776433802.2410579,687
10,,147.46,1776433657,,1776433805.25306,687
10,,150.47,1776433657,,1776433808.2582357,687
10,,153.47,1776433657,,1776433811.2590942,687
10,,156.48,1776433657,,1776433814.2672935,687
11,100,157.08,1776433657,mini_boss_1,1776433814.8657613,787
11,,159.49,1776433657,,1776433820.6659176,787
11,15,160.56,1776433657,slime,1776433821.7368505,802
11,,162.5,1776433657,,1776433823.6703856,802
11,15,163.08,1776433657,slime,1776433824.253168,817
11,,165.5,1776433657,,1776433826.6727843,817
12,21,165.9,1776433657,slime,1776433827.074457,838
12,32,167.72,1776433657,skeleton,1776433828.8907044,870
12,,168.52,1776433657,,1776433829.689144,870
12,31,169.88,1776433657,slime,1776433831.0559456,901
12,,171.52,1776433657,,1776433832.6912706,901
12,30,172.62,1776433657,slime,1776433833.7881842,931
12,,174.52,1776433657,,1776433835.6920497,931
13,62,177.35,1776433657,skeleton,1776433838.5257878,993
13,,177.53,1776433657,,1776433838.7062535,993
13,,180.54,1776433657,,1776433841.709797,993
13,,183.55,1776433657,,1776433844.717944,993
13,26,183.56,1776433657,slime,1776433844.733848,1019
13,62,185.98,1776433657,skeleton,1776433847.1481578,1081
13,,186.56,1776433657,,1776433847.727468,1081
13,26,187.72,1776433657,slime,1776433848.8918743,1107
13,,189.57,1776433657,,1776433850.738187,1107
13,,192.58,1776433657,,1776433853.7521224,1107
14,66,193.08,1776433657,skeleton,1776433854.2497935,1173
14,33,194.72,1776433657,slime,1776433855.8877294,1206
14,,195.59,1776433657,,1776433856.7630813,1206
14,,198.6,1776433657,,1776433859.7707806,1206
14,66,199.34,1776433657,skeleton,1776433860.5116494,1272
15,31,199.41,1776433657,slime,1776433860.5757918,1303
15,,201.61,1776433657,,1776433862.7759557,1303
15,73,201.83,1776433657,skeleton,1776433863.0035317,1376
15,70,204.29,1776433657,skeleton,1776433865.4559946,1446
15,,204.61,1776433657,,1776433865.7800045,1446
16,62,206.58,1776433657,skeleton,1776433867.7517712,1508
16,,207.62,1776433657,,1776433868.7868667,1508
16,70,208.93,1776433657,skeleton,1776433870.1011086,1578
16,,210.62,1776433657,,1776433871.7916257,1578
16,77,211.42,1776433657,skeleton,1776433872.5900364,1655
16,,213.63,1776433657,,1776433874.8042266,1655
16,,216.64,1776433657,,1776433877.8093889,1655
16,,219.64,1776433657,,1776433880.8134859,1655
17,81,220.24,1776433657,skeleton,1776433881.4114258,1736
17,130,222.45,1776433657,orc,1776433883.6241121,1866
17,,222.65,1776433657,,1776433883.822788,1866
17,,225.66,1776433657,,1776433886.8289204,1866
18,66,227.26,1776433657,skeleton,1776433888.4297066,1932
18,,228.66,1776433657,,1776433889.830856,1932
18,136,230.77,1776433657,orc,1776433891.9377487,2068
18,,231.68,1776433657,,1776433892.8447833,2068
19,85,233.97,1776433657,skeleton,1776433895.1410775,2153
19,,234.69,1776433657,,1776433895.855068,2153
19,,237.69,1776433657,,1776433898.85948,2153
19,136,238.37,1776433657,orc,1776433899.535696,2289
19,,240.69,1776433657,,1776433901.8596225,2289
20,142,242.55,1776433657,orc,1776433903.7222784,2431
20,,243.7,1776433657,,1776433904.8703945,2431
20,,246.7,1776433657,,1776433907.8769274,2431
20,118,247.2,1776433657,orc,1776433908.3751729,2549
20,,249.72,1776433657,,1776433910.8926687,2549
21,33,250.27,1776433657,slime,1776433911.440487,2582
21,124,250.29,1776433657,orc,1776433911.4575558,2706
21,,252.73,1776433657,,1776433913.9002516,2706
21,70,255.16,1776433657,skeleton,1776433916.3304145,2776
21,,255.73,1776433657,,1776433916.9062185,2776
21,,258.74,1776433657,,1776433919.913097,2776
21,,261.75,1776433657,,1776433922.9172683,2776
22,148,262.2,1776433657,orc,1776433923.376411,2924
22,81,263.74,1776433657,skeleton,1776433924.90652,3005
22,,264.76,1776433657,,1776433925.9303727,3005
22,,267.76,1776433657,,1776433928.9338734,3005
22,,270.77,1776433657,,1776433931.9460573,3005
22,,273.79,1776433657,,1776433934.9574375,3005
22,,276.8,1776433657,,1776433937.967225,3005
22,,279.8,1776433657,,1776433940.9700322,3005
22,,282.81,1776433657,,1776433943.9820101,3005
23,200,285.34,1776433657,mini_boss_2,1776433946.5091524,3205
23,,285.82,1776433657,,1776433946.9891386,3205
23,,288.82,1776433657,,1776433949.9945905,3205
23,88,290.65,1776433657,skeleton,1776433951.8198123,3293
1,,3.01,1776435068,,1776435072.41852,0
1,,6.02,1776435068,,1776435075.4210546,0
1,12,6.27,1776435068,slime,1776435075.6745386,12
1,,9.03,1776435068,,1776435078.4279988,12
1,,12.04,1776435068,,1776435081.4398234,12
1,,15.04,1776435068,,1776435084.4430811,12
2,12,16.13,1776435068,slime,1776435085.5355287,24
2,,18.06,1776435068,,1776435087.4591668,24
2,12,19.31,1776435068,slime,1776435088.7158034,36
2,,21.07,1776435068,,1776435090.4721396,36
2,,24.07,1776435068,,1776435093.475504,36
2,12,25.3,1776435068,slime,1776435094.7059824,48
3,13,26.0,1776435068,slime,1776435095.4063756,61
3,,27.09,1776435068,,1776435096.4905028,61
3,13,27.8,1776435068,slime,1776435097.206822,74
3,,30.1,1776435068,,1776435099.507149,74
3,13,30.44,1776435068,slime,1776435099.8379018,87
3,,33.12,1776435068,,1776435102.5235603,87
3,,36.12,1776435068,,1776435105.5250616,87
4,32,36.21,1776435068,skeleton,1776435105.6100035,119
4,,39.12,1776435068,,1776435108.5268734,119
4,32,40.62,1776435068,skeleton,1776435110.0244274,151
4,,42.14,1776435068,,1776435111.5388458,151
5,12,42.66,1776435068,slime,1776435112.0592294,163
5,,45.15,1776435068,,1776435114.556399,163
5,,48.17,1776435068,,1776435117.5693924,163
5,12,49.14,1776435068,slime,1776435118.5423076,175
5,,51.17,1776435068,,1776435120.5711393,175
5,,54.19,1776435068,,1776435123.5873718,175
5,40,54.52,1776435068,skeleton,1776435123.9199536,215
5,,57.2,1776435068,,1776435126.6039832,215
6,32,59.69,1776435068,skeleton,1776435129.0886164,247
6,,60.22,1776435068,,1776435129.619109,247
6,,63.23,1776435068,,1776435132.6287086,247
6,40,63.3,1776435068,skeleton,1776435132.6959982,287
7,21,65.55,1776435068,slime,1776435134.9464622,308
7,,66.24,1776435068,,1776435135.6425304,308
7,,69.26,1776435068,,1776435138.6582239,308
7,,72.27,1776435068,,1776435141.6746502,308
7,13,72.34,1776435068,slime,1776435141.741156,321
7,40,74.89,1776435068,skeleton,1776435144.292455,361
7,,75.29,1776435068,,1776435144.689401,361
8,32,75.57,1776435068,skeleton,1776435144.9724967,393
8,,78.31,1776435068,,1776435147.7063298,393
8,,81.31,1776435068,,1776435150.7093017,393
8,24,81.83,1776435068,slime,1776435151.2262874,417
8,36,82.62,1776435068,skeleton,1776435152.0211854,453
8,,84.32,1776435068,,1776435153.7226655,453
9,36,86.27,1776435068,skeleton,1776435155.6723084,489
9,,87.34,1776435068,,1776435156.7399604,489
9,36,89.58,1776435068,skeleton,1776435158.9763336,525
9,,90.35,1776435068,,1776435159.7541964,525
9,,93.36,1776435068,,1776435162.7591484,525
9,55,95.93,1776435068,skeleton,1776435165.3311357,580
9,,96.37,1776435068,,1776435165.7717655,580
9,,99.38,1776435068,,1776435168.775385,580
9,,102.39,1776435068,,1776435171.7861226,580
10,43,105.02,1776435068,skeleton,1776435174.4226415,623
10,,105.4,1776435068,,1776435174.800448,623
10,55,106.41,1776435068,skeleton,1776435175.8047667,678
10,,108.42,1776435068,,1776435177.8154964,678
10,22,109.38,1776435068,slime,1776435178.7786694,700
10,,111.42,1776435068,,1776435180.8224294,700
11,24,112.82,1776435068,slime,1776435182.2164655,724
11,51,114.15,1776435068,skeleton,1776435183.5492797,775
11,,114.43,1776435068,,1776435183.831762,775
11,24,115.46,1776435068,slime,1776435184.8616543,799
11,,117.44,1776435068,,1776435186.8348842,799
12,40,120.31,1776435068,skeleton,1776435189.7139392,839
12,,120.45,1776435068,,1776435189.845585,839
12,,123.45,1776435068,,1776435192.8539689,839
12,22,124.28,1776435068,slime,1776435193.6762862,861
12,12,126.32,1776435068,slime,1776435195.721537,873
12,,126.46,1776435068,,1776435195.85515,873
12,19,128.88,1776435068,slime,1776435198.2783244,892
12,,129.47,1776435068,,1776435198.8719382,892
12,,132.48,1776435068,,1776435201.8784328,892
12,40,132.63,1776435068,skeleton,1776435202.0287318,932
12,,135.49,1776435068,,1776435204.8914967,932
12,,138.5,1776435068,,1776435207.9023788,932
12,,141.52,1776435068,,1776435210.9191475,932
12,,144.53,1776435068,,1776435213.9316366,932
12,,147.54,1776435068,,1776435216.937875,932
12,,150.54,1776435068,,1776435219.9427288,932
12,,153.55,1776435068,,1776435222.949184,932
12,,156.55,1776435068,,1776435225.953821,932
13,100,158.5,1776435068,mini_boss_1,1776435227.8946521,1032
13,,159.56,1776435068,,1776435238.6330075,1032
13,,162.57,1776435068,,1776435241.6398153,1032
13,,165.58,1776435068,,1776435244.6535373,1032
13,33,168.5,1776435068,slime,1776435247.575762,1065
13,,168.58,1776435068,,1776435247.6572301,1065
13,,171.59,1776435068,,1776435250.6627688,1065
13,33,172.11,1776435068,slime,1776435251.186423,1098
13,,174.59,1776435068,,1776435253.6676893,1098
14,70,176.39,1776435068,skeleton,1776435255.4675467,1168
14,,177.6,1776435068,,1776435256.6681945,1168
14,33,179.37,1776435068,slime,1776435258.4433067,1201
14,,180.61,1776435068,,1776435259.682951,1201
14,70,182.15,1776435068,skeleton,1776435261.2197578,1271
14,,183.62,1776435068,,1776435262.6908727,1271
15,118,184.93,1776435068,orc,1776435264.0007145,1389
15,73,186.06,1776435068,skeleton,1776435265.1280994,1462
15,,186.62,1776435068,,1776435265.69161,1462
16,24,187.74,1776435068,slime,1776435266.8090816,1486
16,,189.62,1776435068,,1776435268.6929803,1486
16,81,191.36,1776435068,skeleton,1776435270.435115,1567
16,,192.63,1776435068,,1776435271.7027063,1567
16,73,194.24,1776435068,skeleton,1776435273.3089538,1640
16,,195.64,1776435068,,1776435274.7155123,1640
17,70,198.35,1776435068,skeleton,1776435277.423124,1710
17,,198.65,1776435068,,1776435277.7202365,1710
17,,201.66,1776435068,,1776435280.735132,1710
17,,204.67,1776435068,,1776435283.7391386,1710
17,70,206.1,1776435068,skeleton,1776435285.1692073,1780
17,81,206.1,1776435068,skeleton,1776435285.1692123,1861
18,118,207.61,1776435068,orc,1776435286.6918068,1979
18,,207.67,1776435068,,1776435286.746374,1979
19,136,210.67,1776435068,orc,1776435289.7375164,2115
19,,210.68,1776435068,,1776435289.7546618,2115
19,,213.69,1776435068,,1776435292.7642102,2115
19,88,216.09,1776435068,skeleton,1776435295.1647038,2203
19,,216.7,1776435068,,1776435295.7751963,2203
19,,219.71,1776435068,,1776435298.777076,2203
20,130,220.83,1776435068,orc,1776435299.905164,2333
20,81,222.2,1776435068,skeleton,1776435301.2685525,2414
20,85,222.2,1776435068,skeleton,1776435301.2685587,2499
20,,222.71,1776435068,,1776435301.7803092,2499
20,,225.73,1776435068,,1776435304.7969563,2499
20,33,226.87,1776435068,slime,1776435305.944202,2532
20,,228.73,1776435068,,1776435307.8059676,2532
20,,231.74,1776435068,,1776435310.8109155,2532
21,77,231.77,1776435068,skeleton,1776435310.8431969,2609
21,,234.74,1776435068,,1776435313.814157,2609
21,130,236.81,1776435068,orc,1776435315.880174,2739
21,,237.76,1776435068,,1776435316.8296602,2739
22,92,238.05,1776435068,skeleton,1776435317.1250951,2831
22,,240.76,1776435068,,1776435319.831416,2831
22,136,241.57,1776435068,orc,1776435320.6424518,2967
22,92,241.57,1776435068,skeleton,1776435320.6424568,3059
22,,243.77,1776435068,,1776435322.8453228,3059
23,92,245.13,1776435068,skeleton,1776435324.2034059,3151
23,,246.78,1776435068,,1776435325.8487768,3151
23,,249.78,1776435068,,1776435328.850144,3151
23,,252.78,1776435068,,1776435331.8517115,3151
23,,255.8,1776435068,,1776435334.866842,3151
23,,258.8,1776435068,,1776435337.8742986,3151
23,200,260.98,1776435068,mini_boss_2,1776435340.052354,3351
23,,261.82,1776435068,,1776435340.8872411,3351
24,85,262.61,1776435068,skeleton,1776435341.6848512,3436
24,,264.83,1776435068,,1776435343.898312,3436
24,107,266.09,1776435068,skeleton,1776435345.1626048,3543
24,,267.83,1776435068,,1776435346.9123323,3543
25,177,268.29,1776435068,orc,1776435347.3633003,3720
25,,270.84,1776435068,,1776435349.9156847,3720
25,111,271.51,1776435068,skeleton,1776435350.5785315,3831
25,,273.85,1776435068,,1776435352.9170988,3831
25,111,275.33,1776435068,skeleton,1776435354.3966446,3942
26,148,276.54,1776435068,orc,1776435355.6051433,4090
26,,276.85,1776435068,,1776435355.9227653,4090
27,184,278.96,1776435068,orc,1776435358.034791,4274
27,,279.86,1776435068,,1776435358.9277186,4274
27,184,282.81,1776435068,orc,1776435361.8828492,4458
27,,282.86,1776435068,,1776435361.9314811,4458
28,190,284.73,1776435068,orc,1776435363.7978148,4648
28,,285.88,1776435068,,1776435364.947482,4648
28,196,288.5,1776435068,orc,1776435367.5739155,4844
28,,288.89,1776435068,,1776435367.9564743,4844
28,,291.89,1776435068,,1776435370.957948,4844
29,126,293.18,1776435068,skeleton,1776435372.249539,4970
29,,294.89,1776435068,,1776435373.9595037,4970
29,184,296.08,1776435068,orc,1776435375.1536808,5154
29,,297.89,1776435068,,1776435376.9639888,5154
30,202,298.84,1776435068,orc,1776435377.9098177,5356
30,,300.9,1776435068,,1776435379.967017,5356
30,208,302.06,1776435068,orc,1776435381.1256866,5564
30,208,303.72,1776435068,orc,1776435382.7858775,5772
30,,303.9,1776435068,,1776435382.9694903,5772
30,,306.91,1776435068,,1776435385.9794343,5772
30,202,307.01,1776435068,orc,1776435386.078181,5974
30,,309.91,1776435068,,1776435388.98246,5974
30,196,310.8,1776435068,orc,1776435389.8652003,6170
30,,312.93,1776435068,,1776435392.0000393,6170
30,122,315.28,1776435068,skeleton,1776435394.3457243,6292
30,,315.94,1776435068,,1776435395.0051384,6292
30,,318.94,1776435068,,1776435398.0131876,6292
30,,321.96,1776435068,,1776435401.0269244,6292
30,500,324.44,1776435068,final_boss,1776435403.5104773,6792
30,,324.97,1776435068,,1776435404.0436232,6792
1,,3.01,1776452887,,1776452891.5864916,0
1,12,5.9,1776452887,slime,1776452894.4726913,12
1,,6.03,1776452887,,1776452894.6012387,12
1,,9.04,1776452887,,1776452897.613353,12
1,,12.05,1776452887,,1776452900.621987,12
2,12,12.57,1776452887,slime,1776452901.1505928,24
2,12,14.18,1776452887,slime,1776452902.7592254,36
2,,15.06,1776452887,,1776452903.6344602,36
1,,3.01,1776453216,,1776453222.1534526,0
1,12,5.31,1776453216,slime,1776453224.4502728,12
1,,6.01,1776453216,,1776453225.1535773,12
1,,9.02,1776453216,,1776453228.1682928,12
1,,12.03,1776453216,,1776453231.1761713,12
2,12,12.2,1776453216,slime,1776453231.3443868,24
2,12,14.77,1776453216,slime,1776453233.9193099,36
2,,15.04,1776453216,,1776453234.1841996,36
2,12,15.49,1776453216,slime,1776453234.6325073,48
2,,18.05,1776453216,,1776453237.1964328,48
2,,21.06,1776453216,,1776453240.2045314,48
2,,24.06,1776453216,,1776453243.2078109,48
3,13,25.07,1776453216,slime,1776453244.2113116,61
3,13,25.07,1776453216,slime,1776453244.211317,74
3,,27.07,1776453216,,1776453246.2155921,74
3,13,28.13,1776453216,slime,1776453247.2772052,87
3,,30.07,1776453216,,1776453249.2185051,87
4,13,31.79,1776453216,slime,1776453250.932657,100
4,,33.08,1776453216,,1776453252.2238655,100
4,15,35.13,1776453216,slime,1776453254.2758694,115
4,,36.09,1776453216,,1776453255.2315598,115
4,15,37.04,1776453216,slime,1776453256.1880476,130
4,13,38.13,1776453216,slime,1776453257.272604,143
4,,39.09,1776453216,,1776453258.236755,143
4,,42.11,1776453216,,1776453261.2520556,143
5,17,44.06,1776453216,slime,1776453263.2070675,160
5,,45.12,1776453216,,1776453264.2666564,160
5,12,47.31,1776453216,slime,1776453266.4569747,172
5,36,47.31,1776453216,skeleton,1776453266.4569795,208
5,,48.14,1776453216,,1776453267.2837968,208
5,,51.14,1776453216,,1776453270.284866,208
5,,54.15,1776453216,,1776453273.2951732,208
6,40,54.58,1776453216,skeleton,1776453273.7283692,248
6,19,56.9,1776453216,slime,1776453276.0460489,267
6,,57.17,1776453216,,1776453276.31095,267
6,,60.17,1776453216,,1776453279.3132827,267
7,43,60.73,1776453216,skeleton,1776453279.8764553,310
7,,63.19,1776453216,,1776453282.3302062,310
7,13,64.97,1776453216,slime,1776453284.1099982,323
7,,66.2,1776453216,,1776453285.345498,323
7,36,67.5,1776453216,skeleton,1776453286.6413705,359
7,,69.21,1776453216,,1776453288.3507724,359
8,40,71.82,1776453216,skeleton,1776453290.9652383,399
8,,72.22,1776453216,,1776453291.3651865,399
8,22,74.21,1776453216,slime,1776453293.3522546,421
8,,75.23,1776453216,,1776453294.3782368,421
8,,78.24,1776453216,,1776453297.3868506,421
8,47,78.7,1776453216,skeleton,1776453297.8487651,468
8,,81.26,1776453216,,1776453300.3999465,468
9,51,82.8,1776453216,skeleton,1776453301.9385614,519
9,,84.27,1776453216,,1776453303.4133883,519
9,36,87.16,1776453216,skeleton,1776453306.301475,555
9,17,87.16,1776453216,slime,1776453306.30148,572
9,,87.28,1776453216,,1776453306.4186785,572
10,51,89.78,1776453216,skeleton,1776453308.922322,623
10,,90.29,1776453216,,1776453309.445559,623
10,22,92.1,1776453216,slime,1776453311.2511196,645
10,,93.31,1776453216,,1776453312.458358,645
10,,96.32,1776453216,,1776453315.4713671,645
10,26,96.65,1776453216,slime,1776453315.8014665,671
10,,99.34,1776453216,,1776453318.4873848,671
11,55,101.23,1776453216,skeleton,1776453320.3844142,726
11,,102.35,1776453216,,1776453321.4979389,726
11,,105.36,1776453216,,1776453324.5090163,726
11,24,106.73,1776453216,slime,1776453325.8785155,750
11,,108.36,1776453216,,1776453327.5163977,750
11,43,110.91,1776453216,skeleton,1776453330.0633817,793
11,,111.38,1776453216,,1776453330.5275722,793
12,47,111.49,1776453216,skeleton,1776453330.6415718,840
12,,114.39,1776453216,,1776453333.5416682,840
12,40,114.41,1776453216,skeleton,1776453333.5584261,880
12,,117.39,1776453216,,1776453336.5459328,880
12,,120.4,1776453216,,1776453339.5545056,880
12,,123.4,1776453216,,1776453342.5558157,880
12,,126.41,1776453216,,1776453345.5619526,880
12,,129.43,1776453216,,1776453348.5778542,880
12,,132.43,1776453216,,1776453351.5798836,880
13,100,133.52,1776453216,mini_boss_1,1776453352.6683404,980
13,,135.44,1776453216,,1776453362.062074,980
13,,138.45,1776453216,,1776453365.075102,980
13,24,141.14,1776453216,slime,1776453367.7653937,1004
13,,141.46,1776453216,,1776453368.0805929,1004
13,,144.48,1776453216,,1776453371.0974016,1004
13,33,145.14,1776453216,slime,1776453371.7622316,1037
13,70,147.0,1776453216,skeleton,1776453373.624341,1107
13,,147.48,1776453216,,1776453374.10237,1107
13,,150.48,1776453216,,1776453377.1054733,1107
14,33,150.85,1776453216,slime,1776453377.47222,1140
14,,153.49,1776453216,,1776453380.1065645,1140
14,,156.49,1776453216,,1776453383.1091142,1140
1,,3.01,1776453558,,1776453562.4900196,0
1,,6.03,1776453558,,1776453565.5019977,0
1,,9.04,1776453558,,1776453568.5164173,0
1,,12.05,1776453558,,1776453571.5249295,0
1,12,14.68,1776453558,slime,1776453574.1600018,12
1,,15.05,1776453558,,1776453574.528551,12
2,12,16.86,1776453558,slime,1776453576.336498,24
2,,18.06,1776453558,,1776453577.534849,24
2,12,19.31,1776453558,slime,1776453578.7902277,36
2,,21.06,1776453558,,1776453580.541336,36
2,13,23.46,1776453558,slime,1776453582.9396005,49
2,,24.08,1776453558,,1776453583.5532537,49
2,,27.09,1776453558,,1776453586.567803,49
3,13,27.31,1776453558,slime,1776453586.7849958,62
3,12,28.06,1776453558,slime,1776453587.5351012,74
3,,30.1,1776453558,,1776453589.5788777,74
3,12,30.98,1776453558,slime,1776453590.4530213,86
3,,33.11,1776453558,,1776453592.5835085,86
3,,36.12,1776453558,,1776453595.5934482,86
4,15,37.11,1776453558,slime,1776453596.5872152,101
4,,39.13,1776453558,,1776453598.6078153,101
4,32,42.0,1776453558,skeleton,1776453601.4772565,133
4,,42.13,1776453558,,1776453601.6109726,133
4,13,44.6,1776453558,slime,1776453604.07734,146
4,,45.14,1776453558,,1776453604.6129525,146
4,,48.15,1776453558,,1776453607.6293085,146
4,,51.16,1776453558,,1776453610.6334324,146
5,36,51.7,1776453558,skeleton,1776453611.1780906,182
6,36,52.94,1776453558,skeleton,1776453612.4154143,218
6,,54.17,1776453558,,1776453613.642694,218
6,15,56.86,1776453558,slime,1776453616.3303137,233
6,,57.17,1776453558,,1776453616.644398,233
6,19,59.12,1776453558,slime,1776453618.5906265,252
6,,60.19,1776453558,,1776453619.6605246,252
6,21,62.13,1776453558,slime,1776453621.605465,273
6,,63.19,1776453558,,1776453622.661221,273
6,12,64.28,1776453558,slime,1776453623.7513657,285
6,,66.2,1776453558,,1776453625.67334,285
7,36,68.64,1776453558,skeleton,1776453628.1113577,321
7,,69.2,1776453558,,1776453628.6785414,321
7,17,71.63,1776453558,slime,1776453631.1067402,338
7,,72.22,1776453558,,1776453631.6897607,338
7,15,73.24,1776453558,slime,1776453632.7184412,353
7,,75.23,1776453558,,1776453634.7019172,353
7,21,75.79,1776453558,slime,1776453635.2628665,374
8,12,77.41,1776453558,slime,1776453636.888269,386
8,17,77.41,1776453558,slime,1776453636.8882751,403
8,,78.24,1776453558,,1776453637.7166643,403
8,,81.25,1776453558,,1776453640.7278998,403
8,13,83.15,1776453558,slime,1776453642.6197655,416
8,43,83.15,1776453558,skeleton,1776453642.6197708,459
8,,84.26,1776453558,,1776453643.735868,459
8,,87.26,1776453558,,1776453646.7375317,459
9,24,88.79,1776453558,slime,1776453648.2615323,483
9,,90.28,1776453558,,1776453649.752125,483
9,36,92.16,1776453558,skeleton,1776453651.6315749,519
9,,93.28,1776453558,,1776453652.755755,519
9,,96.28,1776453558,,1776453655.7572513,519
9,55,98.63,1776453558,skeleton,1776453658.1066663,574
9,,99.3,1776453558,,1776453658.7719052,574
9,,102.31,1776453558,,1776453661.7832189,574
9,,105.32,1776453558,,1776453664.7938647,574
9,,108.32,1776453558,,1776453667.7977917,574
10,51,108.57,1776453558,skeleton,1776453668.0410187,625
10,,111.34,1776453558,,1776453670.8090715,625
10,,114.34,1776453558,,1776453673.8127365,625
10,,117.35,1776453558,,1776453676.8202024,625
10,,120.35,1776453558,,1776453679.8227415,625
10,,123.35,1776453558,,1776453682.8249042,625
10,,126.37,1776453558,,1776453685.8409913,625
10,,129.38,1776453558,,1776453688.8556266,625
10,,132.39,1776453558,,1776453691.8589425,625
10,,135.4,1776453558,,1776453694.8741243,625
10,,138.41,1776453558,,1776453697.8874314,625
10,,141.42,1776453558,,1776453700.8932483,625
10,,144.43,1776453558,,1776453703.9001946,625
10,,147.43,1776453558,,1776453706.9037416,625
10,,150.43,1776453558,,1776453709.9064581,625
1,,3.0,1776453724,,1776453728.259455,0
1,,6.01,1776453724,,1776453731.2656372,0
1,12,6.55,1776453724,slime,1776453731.8094893,12
1,,9.02,1776453724,,1776453734.2720935,12
2,12,9.36,1776453724,slime,1776453734.6195061,24
2,,12.03,1776453724,,1776453737.2884438,24
2,,15.04,1776453724,,1776453740.2932594,24
2,12,15.43,1776453724,slime,1776453740.6910188,36
2,13,17.0,1776453724,slime,1776453742.2583163,49
2,,18.04,1776453724,,1776453743.2954226,49
2,,21.05,1776453724,,1776453746.3090303,49
3,13,22.14,1776453724,slime,1776453747.3910413,62
3,,24.06,1776453724,,1776453749.317952,62
3,13,24.58,1776453724,slime,1776453749.8369184,75
3,,27.08,1776453724,,1776453752.3344977,75
3,,30.08,1776453724,,1776453755.3353915,75
3,15,30.25,1776453724,slime,1776453755.5022604,90
3,,33.09,1776453724,,1776453758.3447046,90
3,,36.1,1776453724,,1776453761.3540301,90
4,32,36.46,1776453724,skeleton,1776453761.7150638,122
4,,39.11,1776453724,,1776453764.3635032,122
4,15,39.12,1776453724,slime,1776453764.379648,137
4,15,41.3,1776453724,slime,1776453766.5551145,152
4,,42.12,1776453724,,1776453767.3746529,152
5,13,44.59,1776453724,slime,1776453769.8453724,165
5,,45.14,1776453724,,1776453770.391191,165
5,,48.14,1776453724,,1776453773.3951585,165
5,15,50.21,1776453724,slime,1776453775.4663634,180
5,,51.14,1776453724,,1776453776.3958778,180
5,,54.15,1776453724,,1776453779.4017856,180
5,36,56.47,1776453724,skeleton,1776453781.727293,216
5,,57.16,1776453724,,1776453782.4137225,216
6,17,57.88,1776453724,slime,1776453783.134942,233
6,19,59.95,1776453724,slime,1776453785.2072182,252
6,,60.17,1776453724,,1776453785.4235203,252
6,,63.17,1776453724,,1776453788.4266522,252
6,,66.18,1776453724,,1776453791.4344115,252
7,40,67.64,1776453724,skeleton,1776453792.8959239,292
7,,69.18,1776453724,,1776453794.43903,292
7,,72.19,1776453724,,1776453797.442684,292
7,,75.19,1776453724,,1776453800.4475002,292
7,,78.2,1776453724,,1776453803.4577854,292
7,36,81.0,1776453724,skeleton,1776453806.2578619,328
7,,81.22,1776453724,,1776453806.4730911,328
7,22,81.66,1776453724,slime,1776453806.9114738,350
8,36,81.73,1776453724,skeleton,1776453806.9787412,386
8,47,82.48,1776453724,skeleton,1776453807.7298381,433
8,,84.23,1776453724,,1776453809.4813104,433
8,,87.23,1776453724,,1776453812.4845774,433
8,21,89.06,1776453724,slime,1776453814.315404,454
8,,90.24,1776453724,,1776453815.4949524,454
8,19,90.47,1776453724,slime,1776453815.7241008,473
8,,93.24,1776453724,,1776453818.4979963,473
9,51,93.29,1776453724,skeleton,1776453818.5457714,524
9,12,95.78,1776453724,slime,1776453821.0347822,536
9,,96.25,1776453724,,1776453821.507803,536
9,15,98.02,1776453724,slime,1776453823.2749915,551
9,,99.26,1776453724,,1776453824.5181706,551
9,,102.27,1776453724,,1776453827.5242245,551
9,,105.28,1776453724,,1776453830.5380795,551
10,43,106.17,1776453724,skeleton,1776453831.4239414,594
10,55,106.17,1776453724,skeleton,1776453831.4239469,649
10,,108.29,1776453724,,1776453833.5382535,649
10,,111.29,1776453724,,1776453836.5431771,649
10,,114.31,1776453724,,1776453839.558238,649
10,19,115.76,1776453724,slime,1776453841.0173383,668
10,21,116.55,1776453724,slime,1776453841.8013427,689
11,51,116.55,1776453724,skeleton,1776453841.80135,740
11,,117.31,1776453724,,1776453842.5622258,740
11,,120.31,1776453724,,1776453845.5633047,740
11,,123.31,1776453724,,1776453848.56489,740
11,,126.32,1776453724,,1776453851.5738692,740
11,,129.34,1776453724,,1776453854.58931,740
11,,132.35,1776453724,,1776453857.6005123,740
11,,135.36,1776453724,,1776453860.6142669,740
11,,138.38,1776453724,,1776453863.63029,740
12,100,139.5,1776453724,mini_boss_1,1776453864.7564933,840
12,,141.39,1776453724,,1776453867.8362331,840
12,,144.39,1776453724,,1776453870.8454783,840
12,,147.41,1776453724,,1776453873.8616796,840
12,66,148.83,1776453724,skeleton,1776453875.2800941,906
12,,150.42,1776453724,,1776453876.8726344,906
12,,153.43,1776453724,,1776453879.8816729,906
1,,3.02,1776453882,,1776453886.1653724,0
1,,6.02,1776453882,,1776453889.1666665,0
1,12,7.63,1776453882,slime,1776453890.7729826,12
1,,9.03,1776453882,,1776453892.1796577,12
2,12,11.32,1776453882,slime,1776453894.468954,24
2,,12.03,1776453882,,1776453895.18088,24
2,,15.05,1776453882,,1776453898.1956918,24
2,12,15.08,1776453882,slime,1776453898.2295902,36
2,,18.05,1776453882,,1776453901.2019112,36
2,,21.06,1776453882,,1776453904.2091484,36
2,,24.07,1776453882,,1776453907.2148452,36
2,,27.07,1776453882,,1776453910.215273,36
2,13,29.56,1776453882,slime,1776453912.7111154,49
2,,30.08,1776453882,,1776453913.227915,49
2,,33.09,1776453882,,1776453916.2400994,49
3,13,34.47,1776453882,slime,1776453917.6134841,62
3,,36.1,1776453882,,1776453919.24528,62
3,13,37.08,1776453882,slime,1776453920.230974,75
3,,39.1,1776453882,,1776453922.2493427,75
3,12,39.33,1776453882,slime,1776453922.4799278,87
3,12,41.42,1776453882,slime,1776453924.5655315,99
3,,42.11,1776453882,,1776453925.264504,99
4,13,43.2,1776453882,slime,1776453926.352222,112
4,,45.11,1776453882,,1776453928.2570567,112
4,13,47.87,1776453882,slime,1776453931.02119,125
4,,48.12,1776453882,,1776453931.2696745,125
5,32,49.88,1776453882,skeleton,1776453933.0314465,157
5,,51.13,1776453882,,1776453934.2824163,157
5,,54.14,1776453882,,1776453937.313427,157
5,,57.15,1776453882,,1776453940.32516,157
5,15,58.73,1776453882,slime,1776453941.9035397,172
5,,60.15,1776453882,,1776453943.329344,172
5,17,61.7,1776453882,slime,1776453944.8735003,189
5,,63.17,1776453882,,1776453946.343685,189
5,13,63.7,1776453882,slime,1776453946.877311,202
5,,66.18,1776453882,,1776453949.358773,202
6,19,66.45,1776453882,slime,1776453949.6253855,221
6,17,69.04,1776453882,slime,1776453952.2163415,238
6,,69.19,1776453882,,1776453952.3670673,238
6,,72.21,1776453882,,1776453955.3807335,238
6,40,73.24,1776453882,skeleton,1776453956.415687,278
6,,75.22,1776453882,,1776453958.393853,278
6,,78.22,1776453882,,1776453961.3962536,278
7,43,79.07,1776453882,skeleton,1776453962.2478657,321
7,,81.22,1776453882,,1776453964.3969028,321
7,43,82.97,1776453882,skeleton,1776453966.147925,364
7,,84.24,1776453882,,1776453967.4118543,364
7,,87.24,1776453882,,1776453970.414135,364
8,19,87.76,1776453882,slime,1776453970.9366043,383
8,,90.24,1776453882,,1776453973.4159877,383
8,47,90.64,1776453882,skeleton,1776453973.8170195,430
8,,93.24,1776453882,,1776453976.419067,430
8,,96.25,1776453882,,1776453979.4242783,430
9,51,97.15,1776453882,skeleton,1776453980.32391,481
9,,99.26,1776453882,,1776453982.4363337,481
9,24,101.23,1776453882,slime,1776453984.4020371,505
9,,102.27,1776453882,,1776453985.4490325,505
9,22,103.8,1776453882,slime,1776453986.9766567,527
9,,105.28,1776453882,,1776453988.4559402,527
9,19,105.59,1776453882,slime,1776453988.7688346,546
9,21,106.34,1776453882,slime,1776453989.5102022,567
9,,108.28,1776453882,,1776453991.4583406,567
10,21,108.43,1776453882,slime,1776453991.6065795,588
10,,111.29,1776453882,,1776453994.4617965,588
10,,114.29,1776453882,,1776453997.462546,588
10,,117.3,1776453882,,1776454000.4742923,588
10,32,118.1,1776453882,skeleton,1776454001.270519,620
10,36,118.1,1776453882,skeleton,1776454001.270523,656
10,,120.3,1776453882,,1776454003.4785788,656
10,13,121.29,1776453882,slime,1776454004.4680123,669
10,,123.31,1776453882,,1776454006.4876037,669
10,,126.32,1776453882,,1776454009.497914,669
10,,129.33,1776453882,,1776454012.4987926,669
10,,132.33,1776453882,,1776454015.504559,669
10,,135.34,1776453882,,1776454018.510579,669
10,,138.34,1776453882,,1776454021.5137858,669
10,,141.35,1776453882,,1776454024.5203915,669
10,,144.35,1776453882,,1776454027.5244212,669
10,,147.35,1776453882,,1776454030.5268111,669
10,,150.36,1776453882,,1776454033.532733,669
10,,153.36,1776453882,,1776454036.533429,669
10,,156.37,1776453882,,1776454039.5449445,669
10,,159.39,1776453882,,1776454042.560771,669
11,100,160.41,1776453882,mini_boss_1,1776454043.5853217,769
11,,162.39,1776453882,,1776454047.0901268,769
11,,165.39,1776453882,,1776454050.0908628,769
11,,168.4,1776453882,,1776454053.0919592,769
11,,171.41,1776453882,,1776454056.1075382,769
11,26,173.66,1776453882,slime,1776454058.3513129,795
11,,174.42,1776453882,,1776454059.1221278,795
11,26,175.13,1776453882,slime,1776454059.8255842,821
11,,177.43,1776453882,,1776454062.1249611,821
12,62,177.5,1776453882,skeleton,1776454062.191378,883
12,,180.45,1776453882,,1776454065.1412692,883
12,62,180.51,1776453882,skeleton,1776454065.2074816,945
12,,183.46,1776453882,,1776454068.1513224,945
13,62,183.7,1776453882,skeleton,1776454068.3962014,1007
13,66,183.7,1776453882,skeleton,1776454068.3962064,1073
13,,186.47,1776453882,,1776454071.165177,1073
14,66,187.01,1776453882,skeleton,1776454071.7051075,1139
14,33,188.67,1776453882,slime,1776454073.3673015,1172
14,,189.48,1776453882,,1776454074.1717412,1172
14,55,191.08,1776453882,skeleton,1776454075.7769194,1227
14,,192.48,1776453882,,1776454077.1777346,1227
14,,195.5,1776453882,,1776454080.1937,1227
14,,198.51,1776453882,,1776454083.2055378,1227
15,118,199.24,1776453882,orc,1776454083.9368804,1345
15,,201.53,1776453882,,1776454086.2206302,1345
15,,204.54,1776453882,,1776454089.2317204,1345
15,118,204.62,1776453882,orc,1776454089.3134427,1463
16,118,206.49,1776453882,orc,1776454091.1875994,1581
16,,207.54,1776453882,,1776454092.239362,1581
17,118,209.54,1776453882,orc,1776454094.237947,1699
17,,210.55,1776453882,,1776454095.2427037,1699
17,81,212.31,1776453882,skeleton,1776454097.005855,1780
17,,213.55,1776453882,,1776454098.2440493,1780
17,,216.56,1776453882,,1776454101.2587073,1780
17,85,218.21,1776453882,skeleton,1776454102.901164,1865
17,,219.57,1776453882,,1776454104.2629275,1865
17,,222.57,1776453882,,1776454107.2646804,1865
18,85,223.37,1776453882,skeleton,1776454108.0680726,1950
18,,225.58,1776453882,,1776454110.2787902,1950
18,81,226.77,1776453882,skeleton,1776454111.4628172,2031
18,,228.59,1776453882,,1776454113.2823615,2031
19,66,231.12,1776453882,skeleton,1776454115.8175802,2097
19,,231.6,1776453882,,1776454116.2925782,2097
19,85,233.09,1776453882,skeleton,1776454117.7894886,2182
19,,234.6,1776453882,,1776454119.2945306,2182
19,,237.62,1776453882,,1776454122.310156,2182
19,124,237.68,1776453882,orc,1776454122.376856,2306
20,62,239.55,1776453882,skeleton,1776454124.2446473,2368
20,,240.62,1776453882,,1776454125.3241293,2368
20,40,241.13,1776453882,skeleton,1776454125.8320634,2408
20,,243.63,1776453882,,1776454128.3364835,2408
20,,246.64,1776453882,,1776454131.341007,2408
20,30,247.6,1776453882,slime,1776454132.3004215,2438
20,,249.65,1776453882,,1776454134.3564956,2438
20,88,249.99,1776453882,skeleton,1776454134.6911561,2526
20,,252.67,1776453882,,1776454137.374331,2526
20,,255.67,1776453882,,1776454140.3755333,2526
21,88,256.42,1776453882,skeleton,1776454141.1238632,2614
21,,258.69,1776453882,,1776454143.3906364,2614
21,,261.7,1776453882,,1776454146.39875,2614
21,,264.7,1776453882,,1776454149.4026654,2614
21,,267.72,1776453882,,1776454152.4171484,2614
21,,270.72,1776453882,,1776454155.4212105,2614
21,,273.73,1776453882,,1776454158.4316654,2614
21,,276.74,1776453882,,1776454161.4395885,2614
21,,279.74,1776453882,,1776454164.4451337,2614
21,,282.75,1776453882,,1776454167.4562604,2614
21,,285.77,1776453882,,1776454170.4716551,2614
1,3.01,1776454216,1776454220.6351025,0
1,6.01,1776454216,1776454223.6423378,0
1,9.03,1776454216,1776454226.652799,0
1,12.04,1776454216,1776454229.6678743,0
1,15.05,1776454216,1776454232.6752093,0
1,18.06,1776454216,1776454235.6907904,0
1,21.07,1776454216,1776454238.7019784,0
1,24.08,1776454216,1776454241.7039585,0
1,27.08,1776454216,1776454244.710491,0
1,30.1,1776454216,1776454247.7265937,0
1,,3.01,1776454906,,1776454910.3335218,0
1,,6.03,1776454906,,1776454913.3448484,0
1,,9.03,1776454906,,1776454916.347926,0
1,12,10.2,1776454906,slime,1776454917.5183692,12
1,,12.04,1776454906,,1776454919.359282,12
2,12,14.74,1776454906,slime,1776454922.058052,24
2,,15.05,1776454906,,1776454922.3734424,24
2,,18.06,1776454906,,1776454925.3828678,24
2,12,18.5,1776454906,slime,1776454925.8196492,36
2,,21.07,1776454906,,1776454928.3922765,36
2,,24.08,1776454906,,1776454931.4004288,36
2,,27.08,1776454906,,1776454934.402462,36
2,12,29.13,1776454906,slime,1776454936.451502,48
2,,30.1,1776454906,,1776454937.415411,48
3,13,30.62,1776454906,slime,1776454937.9432437,61
3,13,31.49,1776454906,slime,1776454938.8076718,74
3,,33.1,1776454906,,1776454940.4166114,74
3,13,33.38,1776454906,slime,1776454940.6989796,87
4,13,33.38,1776454906,slime,1776454940.6989863,100
4,,36.1,1776454906,,1776454943.4196832,100
4,13,37.7,1776454906,slime,1776454945.0187743,113
4,13,38.35,1776454906,slime,1776454945.6701562,126
4,,39.11,1776454906,,1776454946.4318414,126
4,,42.12,1776454906,,1776454949.4440017,126
4,,45.13,1776454906,,1776454952.4447865,126
4,,48.13,1776454906,,1776454955.4486845,126
4,17,48.3,1776454906,slime,1776454955.618,143
5,36,49.59,1776454906,skeleton,1776454956.9040234,179
5,,51.15,1776454906,,1776454958.4657412,179
5,,54.15,1776454906,,1776454961.4691732,179
5,17,55.07,1776454906,slime,1776454962.386985,196
5,,57.16,1776454906,,1776454964.4740348,196
6,40,58.64,1776454906,skeleton,1776454965.9613788,236
6,,60.17,1776454906,,1776454967.4894176,236
6,15,60.43,1776454906,slime,1776454967.7524137,251
6,,63.19,1776454906,,1776454970.5037115,251
6,36,63.54,1776454906,skeleton,1776454970.8526618,287
6,,66.19,1776454906,,1776454973.507166,287
6,,69.19,1776454906,,1776454976.5121658,287
7,12,70.53,1776454906,slime,1776454977.8434925,299
7,13,71.04,1776454906,slime,1776454978.3543062,312
7,21,71.66,1776454906,slime,1776454978.9772866,333
7,,72.2,1776454906,,1776454979.5192902,333
7,,75.2,1776454906,,1776454982.5236194,333
7,12,76.5,1776454906,slime,1776454983.8161101,345
8,40,78.22,1776454906,skeleton,1776454985.5379531,385
8,,78.22,1776454906,,1776454985.5379593,385
8,,81.22,1776454906,,1776454988.5394707,385
8,,84.22,1776454906,,1776454991.5403183,385
8,22,84.74,1776454906,slime,1776454992.0545197,407
8,22,84.74,1776454906,slime,1776454992.0545237,429
8,,87.23,1776454906,,1776454994.5497937,429
8,24,88.11,1776454906,slime,1776454995.431802,453
8,,90.24,1776454906,,1776454997.560618,453
9,51,90.77,1776454906,skeleton,1776454998.0852609,504
9,,93.25,1776454906,,1776455000.5893946,504
9,,96.25,1776454906,,1776455003.591469,504
9,22,99.2,1776454906,slime,1776455006.5349464,526
9,21,99.23,1776454906,slime,1776455006.5686746,547
9,,99.26,1776454906,,1776455006.6017945,547
10,55,100.64,1776454906,skeleton,1776455007.9745266,602
10,55,101.34,1776454906,skeleton,1776455008.6821284,657
10,,102.26,1776454906,,1776455009.603551,657
10,,105.28,1776454906,,1776455012.6200268,657
10,36,107.45,1776454906,skeleton,1776455014.7938025,693
10,,108.29,1776454906,,1776455015.6311033,693
11,36,108.59,1776454906,skeleton,1776455015.9319494,729
11,43,111.3,1776454906,skeleton,1776455018.6351175,772
11,,111.3,1776454906,,1776455018.6351244,772
11,,114.31,1776454906,,1776455021.6471248,772
11,,117.31,1776454906,,1776455024.6526313,772
11,36,118.77,1776454906,skeleton,1776455026.1127846,808
11,,120.32,1776454906,,1776455027.6599498,808
11,,123.33,1776454906,,1776455030.6681166,808
11,,126.33,1776454906,,1776455033.6713486,808
11,,129.34,1776454906,,1776455036.6765816,808
12,43,130.72,1776454906,skeleton,1776455038.0579376,851
12,,132.35,1776454906,,1776455039.6910417,851
12,,135.36,1776454906,,1776455042.6953464,851
12,,138.37,1776454906,,1776455045.709851,851
12,,141.38,1776454906,,1776455048.7224276,851
12,,144.4,1776454906,,1776455051.7365866,851
12,,147.4,1776454906,,1776455054.741504,851
12,,150.41,1776454906,,1776455057.7493746,851
12,,153.42,1776454906,,1776455060.755409,851
12,,156.42,1776454906,,1776455063.7587988,851
12,,159.43,1776454906,,1776455066.7686784,851
12,,162.44,1776454906,,1776455069.7756417,851
12,100,163.65,1776454906,mini_boss_1,1776455070.9876404,951
12,,165.44,1776454906,,1776455076.2018657,951
12,,168.45,1776454906,,1776455079.2053323,951
13,31,169.15,1776454906,slime,1776455079.9078643,982
13,,171.45,1776454906,,1776455082.2144275,982
13,,174.46,1776454906,,1776455085.21804,982
13,,177.47,1776454906,,1776455088.230512,982
1,3.0,1776455162,1776455168.213709,0
1,6.01,1776455162,1776455171.217519,0
1,9.01,1776455162,1776455174.2218537,0
1,,3.01,kantee,1776455897,,1776455907.536593,0
1,12,5.75,kantee,1776455897,slime,1776455910.2724845,12
1,,6.03,kantee,1776455897,,1776455910.5516438,12
1,,9.04,kantee,1776455897,,1776455913.562519,12
2,12,10.92,kantee,1776455897,slime,1776455915.4404092,24
2,,12.04,kantee,1776455897,,1776455916.5684693,24
2,12,14.29,kantee,1776455897,slime,1776455918.8150406,36
2,12,14.34,kantee,1776455897,slime,1776455918.8657594,48
2,,15.06,kantee,1776455897,,1776455919.5847013,48
3,13,17.01,kantee,1776455897,slime,1776455921.531623,61
3,,18.08,kantee,1776455897,,1776455922.6016145,61
3,,21.08,kantee,1776455897,,1776455925.608988,61
3,32,21.27,kantee,1776455897,skeleton,1776455925.7940865,93
3,,24.09,kantee,1776455897,,1776455928.6150002,93
3,,27.09,kantee,1776455897,,1776455931.617728,93
3,,30.1,kantee,1776455897,,1776455934.6232357,93
3,,33.11,kantee,1776455897,,1776455937.6328268,93
3,,36.12,kantee,1776455897,,1776455940.6482525,93
4,12,38.73,kantee,1776455897,slime,1776455943.259396,105
4,,39.14,kantee,1776455897,,1776455943.6642566,105
4,32,39.57,kantee,1776455897,skeleton,1776455944.09719,137
4,15,39.57,kantee,1776455897,slime,1776455944.097195,152
5,15,39.61,kantee,1776455897,slime,1776455944.1297786,167
5,,42.14,kantee,1776455897,,1776455946.6666007,167
5,40,44.2,kantee,1776455897,skeleton,1776455948.7263663,207
6,32,44.32,kantee,1776455897,skeleton,1776455948.8443596,239
6,,45.15,kantee,1776455897,,1776455949.6804025,239
6,19,46.55,kantee,1776455897,slime,1776455951.0736837,258
6,,48.16,kantee,1776455897,,1776455952.6815262,258
6,,51.16,kantee,1776455897,,1776455955.6855135,258
6,32,52.94,kantee,1776455897,skeleton,1776455957.465518,290
6,,54.16,kantee,1776455897,,1776455958.6863456,290
7,15,54.83,kantee,1776455897,slime,1776455959.3510284,305
7,43,54.83,kantee,1776455897,skeleton,1776455959.3510344,348
7,,57.17,kantee,1776455897,,1776455961.6987264,348
7,21,59.71,kantee,1776455897,slime,1776455964.2368474,369
7,,60.19,kantee,1776455897,,1776455964.7124708,369
8,22,61.47,kantee,1776455897,slime,1776455966.005487,391
8,,63.19,kantee,1776455897,,1776455967.71505,391
8,43,64.66,kantee,1776455897,skeleton,1776455969.182968,434
8,,66.2,kantee,1776455897,,1776455970.7260604,434
9,51,69.06,kantee,1776455897,skeleton,1776455973.5807595,485
9,,69.2,kantee,1776455897,,1776455973.7277749,485
9,24,69.59,kantee,1776455897,slime,1776455974.113041,509
9,47,70.1,kantee,1776455897,skeleton,1776455974.6269844,556
9,,72.21,kantee,1776455897,,1776455976.73063,556
9,,75.22,kantee,1776455897,,1776455979.7450264,556
9,,78.23,kantee,1776455897,,1776455982.7522805,556
9,,81.24,kantee,1776455897,,1776455985.7661755,556
9,,84.24,kantee,1776455897,,1776455988.7673175,556
9,,87.25,kantee,1776455897,,1776455991.776492,556
9,26,89.16,kantee,1776455897,slime,1776455993.6865253,582
10,26,89.86,kantee,1776455897,slime,1776455994.3853831,608
10,,90.26,kantee,1776455897,,1776455994.7784598,608
10,55,91.22,kantee,1776455897,skeleton,1776455995.7464287,663
10,,93.27,kantee,1776455897,,1776455997.7957842,663
10,,96.27,kantee,1776455897,,1776456000.7962947,663
10,,99.28,kantee,1776455897,,1776456003.805414,663
10,,102.29,kantee,1776455897,,1776456006.8165228,663
10,26,102.54,kantee,1776455897,slime,1776456007.0655837,689
11,32,103.8,kantee,1776455897,skeleton,1776456008.3250432,721
11,,105.3,kantee,1776455897,,1776456009.818566,721
11,,108.31,kantee,1776455897,,1776456012.8349223,721
11,,111.32,kantee,1776455897,,1776456015.8375807,721
1,,3.01,kantee,1776456081,,1776456098.5615575,0
1,,6.02,kantee,1776456081,,1776456101.5776784,0
1,,9.04,kantee,1776456081,,1776456104.5937254,0
1,12,10.27,kantee,1776456081,slime,1776456105.8259802,12
1,,12.05,kantee,1776456081,,1776456107.6017826,12
2,12,13.65,kantee,1776456081,slime,1776456109.2075388,24
2,,15.06,kantee,1776456081,,1776456110.615724,24
2,12,15.48,kantee,1776456081,slime,1776456111.0347946,36
2,12,16.15,kantee,1776456081,slime,1776456111.7004027,48
3,12,18.02,kantee,1776456081,slime,1776456113.5757318,60
3,,18.07,kantee,1776456081,,1776456113.6269174,60
3,,21.09,kantee,1776456081,,1776456116.6481078,60
3,,24.09,kantee,1776456081,,1776456119.6540515,60
3,,27.11,kantee,1776456081,,1776456122.67057,60
3,,30.12,kantee,1776456081,,1776456125.6780524,60
3,,33.12,kantee,1776456081,,1776456128.6803765,60
3,,36.13,kantee,1776456081,,1776456131.6956177,60
3,,39.14,kantee,1776456081,,1776456134.6991994,60
3,15,40.85,kantee,1776456081,slime,1776456136.4160964,75
3,,42.14,kantee,1776456081,,1776456137.7019348,75
3,12,43.44,kantee,1776456081,slime,1776456138.9984932,87
4,13,43.44,kantee,1776456081,slime,1776456138.9984994,100
4,15,44.08,kantee,1776456081,slime,1776456139.6460836,115
4,,45.15,kantee,1776456081,,1776456140.711922,115
4,,48.16,kantee,1776456081,,1776456143.7237372,115
4,36,49.11,kantee,1776456081,skeleton,1776456144.6726522,151
4,,51.17,kantee,1776456081,,1776456146.729394,151
5,36,53.42,kantee,1776456081,skeleton,1776456148.9853153,187
5,,54.17,kantee,1776456081,,1776456149.7324152,187
5,17,55.37,kantee,1776456081,slime,1776456150.9351006,204
6,15,56.59,kantee,1776456081,slime,1776456152.149448,219
6,,57.18,kantee,1776456081,,1776456152.7387578,219
6,17,58.54,kantee,1776456081,slime,1776456154.097916,236
6,,60.19,kantee,1776456081,,1776456155.7538223,236
6,21,60.28,kantee,1776456081,slime,1776456155.8362656,257
6,21,62.23,kantee,1776456081,slime,1776456157.7875857,278
6,,63.2,kantee,1776456081,,1776456158.7569506,278
6,,66.21,kantee,1776456081,,1776456161.7692783,278
6,,69.22,kantee,1776456081,,1776456164.7787604,278
7,21,70.59,kantee,1776456081,slime,1776456166.1459687,299
7,,72.22,kantee,1776456081,,1776456167.7822707,299
7,,75.24,kantee,1776456081,,1776456170.7964106,299
7,,78.24,kantee,1776456081,,1776456173.8018289,299
7,,81.26,kantee,1776456081,,1776456176.8170724,299
7,,84.26,kantee,1776456081,,1776456179.8176389,299
7,32,85.46,kantee,1776456081,skeleton,1776456181.0161936,331
7,32,85.46,kantee,1776456081,skeleton,1776456181.0161984,363
7,,87.27,kantee,1776456081,,1776456182.8266625,363
7,,90.27,kantee,1776456081,,1776456185.8334582,363
7,,93.27,kantee,1776456081,,1776456188.8337102,363
7,,96.29,kantee,1776456081,,1776456191.8511877,363
8,47,97.57,kantee,1776456081,skeleton,1776456193.1336033,410
8,,99.29,kantee,1776456081,,1776456194.8524976,410
8,47,99.36,kantee,1776456081,skeleton,1776456194.9177043,457
8,,102.31,kantee,1776456081,,1776456197.8677187,457
8,,105.31,kantee,1776456081,,1776456200.8687766,457
8,,108.31,kantee,1776456081,,1776456203.8705595,457
9,51,109.45,kantee,1776456081,skeleton,1776456205.0108767,508
9,24,109.52,kantee,1776456081,slime,1776456205.0754137,532
9,,111.33,kantee,1776456081,,1776456206.8867545,532
9,13,112.76,kantee,1776456081,slime,1776456208.3210793,545
9,,114.33,kantee,1776456081,,1776456209.8953073,545
9,,117.34,kantee,1776456081,,1776456212.8999436,545
10,55,118.26,kantee,1776456081,skeleton,1776456213.8186924,600
10,32,119.52,kantee,1776456081,skeleton,1776456215.0810764,632
10,,120.34,kantee,1776456081,,1776456215.9049716,632
10,,123.35,kantee,1776456081,,1776456218.9089203,632
10,,126.36,kantee,1776456081,,1776456221.9187648,632
10,,129.37,kantee,1776456081,,1776456224.9315813,632
10,,132.37,kantee,1776456081,,1776456227.9321542,632
10,,135.37,kantee,1776456081,,1776456230.9342742,632
10,,138.39,kantee,1776456081,,1776456233.9511256,632
10,,141.4,kantee,1776456081,,1776456236.9602463,632
10,,144.4,kantee,1776456081,,1776456239.9620528,632
10,,147.4,kantee,1776456081,,1776456242.9862967,632
10,,150.41,kantee,1776456081,,1776456245.9962227,632
10,,153.41,kantee,1776456081,,1776456248.9970205,632
10,26,155.08,kantee,1776456081,slime,1776456250.6639168,658
10,,156.42,kantee,1776456081,,1776456252.0038605,658
10,22,158.11,kantee,1776456081,slime,1776456253.6972532,680
10,,159.43,kantee,1776456081,,1776456255.0169027,680
11,26,161.61,kantee,1776456081,slime,1776456257.1955547,706
11,,162.45,kantee,1776456081,,1776456258.0314565,706
11,,165.46,kantee,1776456081,,1776456261.042049,706
11,19,167.61,kantee,1776456081,slime,1776456263.1954935,725
11,,168.47,kantee,1776456081,,1776456264.052548,725
11,47,171.35,kantee,1776456081,skeleton,1776456266.931649,772
11,,171.48,kantee,1776456081,,1776456267.063364,772
11,43,172.57,kantee,1776456081,skeleton,1776456268.1511645,815
11,,174.48,kantee,1776456081,,1776456270.066883,815
11,,177.5,kantee,1776456081,,1776456273.0827591,815
11,,180.5,kantee,1776456081,,1776456276.0861824,815
11,,183.51,kantee,1776456081,,1776456279.0966341,815
11,,186.53,kantee,1776456081,,1776456282.1130252,815
11,,189.55,kantee,1776456081,,1776456285.129475,815
11,,192.56,kantee,1776456081,,1776456288.1390731,815
11,,195.57,kantee,1776456081,,1776456291.1505277,815
11,,198.58,kantee,1776456081,,1776456294.1627934,815
11,,201.58,kantee,1776456081,,1776456297.1664073,815
11,,204.59,kantee,1776456081,,1776456300.1756408,815
11,,207.6,kantee,1776456081,,1776456303.1861224,815
12,100,208.33,kantee,1776456081,mini_boss_1,1776456303.9148402,915
12,,210.62,kantee,1776456081,,1776456307.390546,915
12,,213.62,kantee,1776456081,,1776456310.3928196,915
12,,216.63,kantee,1776456081,,1776456313.3959913,915
13,66,217.56,kantee,1776456081,skeleton,1776456314.3341293,981
13,,219.63,kantee,1776456081,,1776456316.3980272,981
13,31,222.62,kantee,1776456081,slime,1776456319.3938544,1012
13,,222.64,kantee,1776456081,,1776456319.4099498,1012
13,31,223.99,kantee,1776456081,slime,1776456320.7552822,1043
1776473710,kantee,1776473721.38,snapshot,0,1,0,,3.01
1776473710,kantee,1776473723.76,gain,12,1,12,slime,5.39
1776473710,kantee,1776473724.38,snapshot,12,1,0,,6.02
1776473710,kantee,1776473727.39,snapshot,12,1,0,,9.02
1776473710,kantee,1776473728.8,gain,24,2,12,slime,10.43
1776473710,kantee,1776473730.4,snapshot,24,2,0,,12.03
1776473710,kantee,1776473731.46,gain,36,2,12,slime,13.09
1776473710,kantee,1776473733.41,snapshot,36,2,0,,15.04
1776473710,kantee,1776473735.06,gain,49,2,13,slime,16.69
1776473710,kantee,1776473736.42,snapshot,49,2,0,,18.05
1776473710,kantee,1776473736.73,gain,62,3,13,slime,18.36
1776473710,kantee,1776473737.83,gain,75,3,13,slime,19.47
1776473710,kantee,1776473739.44,snapshot,75,3,0,,21.07
1776473710,kantee,1776473741.48,gain,90,3,15,slime,23.11
1776473710,kantee,1776473742.45,snapshot,90,3,0,,24.08
1776473710,kantee,1776473744.22,gain,122,4,32,skeleton,25.85
1776473710,kantee,1776473745.46,snapshot,122,4,0,,27.09
1776473710,kantee,1776473748.46,snapshot,122,4,0,,30.09
1776473710,kantee,1776473751.26,gain,154,5,32,skeleton,32.89
1776473710,kantee,1776473751.48,snapshot,154,5,0,,33.11
1776473710,kantee,1776473753.14,gain,166,5,12,slime,34.77
1776473710,kantee,1776473753.76,gain,178,5,12,slime,35.39
1776473710,kantee,1776473754.48,snapshot,178,5,0,,36.12
1776473710,kantee,1776473757.5,snapshot,178,5,0,,39.13
1776473710,kantee,1776473759.68,gain,214,5,36,skeleton,41.31
1776473710,kantee,1776473760.51,snapshot,214,5,0,,42.14
1776473710,kantee,1776473763.52,snapshot,214,5,0,,45.15
1776473710,kantee,1776473766.53,snapshot,214,5,0,,48.16
1776473710,kantee,1776473766.57,gain,254,6,40,skeleton,48.2
1776473710,kantee,1776473769.55,snapshot,254,6,0,,51.18
1776473710,kantee,1776473770.0,gain,294,7,40,skeleton,51.63
1776473710,kantee,1776473771.21,gain,313,7,19,slime,52.84
1776473710,kantee,1776473772.28,gain,353,7,40,skeleton,53.92
1776473710,kantee,1776473772.55,snapshot,353,7,0,,54.18
1776473710,kantee,1776473772.98,gain,372,7,19,slime,54.61
1776473710,kantee,1776473775.56,snapshot,372,7,0,,57.19
1776473710,kantee,1776473776.55,gain,419,8,47,skeleton,58.18
1776473710,kantee,1776473778.56,snapshot,419,8,0,,60.19
1776473710,kantee,1776473781.56,snapshot,419,8,0,,63.2
1776473710,kantee,1776473781.68,gain,443,8,24,slime,63.31
1776473710,kantee,1776473784.57,snapshot,443,8,0,,66.2
1776473710,kantee,1776473787.57,snapshot,443,8,0,,69.2
1776473710,kantee,1776473787.9,gain,467,8,24,slime,69.53
1776473710,kantee,1776473790.58,snapshot,467,8,0,,72.22
1776473710,kantee,1776473791.27,gain,518,9,51,skeleton,72.9
1776473710,kantee,1776473793.58,snapshot,518,9,0,,75.22
1776473710,kantee,1776473796.59,snapshot,518,9,0,,78.22
1776473710,kantee,1776473797.32,gain,573,9,55,skeleton,78.95
1776473710,kantee,1776473799.59,snapshot,573,9,0,,81.22
1776473710,kantee,1776473802.47,gain,599,10,26,slime,84.1
1776473710,kantee,1776473802.6,snapshot,599,10,0,,84.23
1776473710,kantee,1776473805.62,snapshot,599,10,0,,87.24
1776473710,kantee,1776473808.62,snapshot,599,10,0,,90.25
1776473710,kantee,1776473811.63,snapshot,599,10,0,,93.26
1776473710,kantee,1776473814.65,snapshot,599,10,0,,96.27
1776473710,kantee,1776473817.59,gain,646,10,47,skeleton,99.22
1776473710,kantee,1776473817.66,snapshot,646,10,0,,99.28
1776473710,kantee,1776473820.67,snapshot,646,10,0,,102.3
1776473710,kantee,1776473823.68,snapshot,646,10,0,,105.31
1776473710,kantee,1776473826.68,snapshot,646,10,0,,108.31
1776473710,kantee,1776473827.08,gain,665,10,19,slime,108.7
1776473710,kantee,1776473827.81,gain,682,10,17,slime,109.44
1776473710,kantee,1776473828.9,gain,699,10,17,slime,110.53
1776473710,kantee,1776473829.55,gain,723,11,24,slime,111.18
1776473710,kantee,1776473829.7,snapshot,723,11,0,,111.32
1776473710,kantee,1776473831.29,gain,778,11,55,skeleton,112.92
1776473710,kantee,1776473832.68,gain,800,11,22,slime,114.3
1776473710,kantee,1776473832.71,snapshot,800,11,0,,114.34
1776473710,kantee,1776473835.73,snapshot,800,11,0,,117.35
1776473710,kantee,1776473836.95,gain,843,12,43,skeleton,118.58
1776473710,kantee,1776473837.53,gain,894,12,51,skeleton,119.16
1776473987,kk,1776473994.48,snapshot,0,1,0,,3.02
1776473987,kk,1776473997.49,snapshot,0,1,0,,6.03
1776473987,kk,1776473998.71,gain,12,1,12,slime,7.24
1776473987,kk,1776474000.51,snapshot,12,1,0,,9.04
1776473987,kk,1776474002.8,gain,24,2,12,slime,11.34
1776473987,kk,1776474003.51,snapshot,24,2,0,,12.05
1776473987,kk,1776474006.52,snapshot,24,2,0,,15.06
1776473987,kk,1776474009.54,snapshot,24,2,0,,18.07
1776473987,kk,1776474012.55,snapshot,24,2,0,,21.08
1776473987,kk,1776474013.88,gain,37,2,13,slime,22.41
1776473987,kk,1776474015.56,snapshot,37,2,0,,24.09
1776473987,kk,1776474015.58,gain,50,2,13,slime,24.11
1776473987,kk,1776474018.57,snapshot,50,2,0,,27.1
1776473987,kk,1776474019.28,gain,63,3,13,slime,27.81
1776473987,kk,1776474021.58,snapshot,63,3,0,,30.11
1776473987,kk,1776474024.58,snapshot,63,3,0,,33.11
1776473987,kk,1776474027.58,snapshot,63,3,0,,36.12
1776473987,kk,1776474027.85,gain,76,3,13,slime,36.38
1776473987,kk,1776474029.59,gain,89,3,13,slime,38.12
1776473987,kk,1776474030.59,snapshot,89,3,0,,39.12
1776473987,kk,1776474030.83,gain,102,4,13,slime,39.36
1776473987,kk,1776474033.61,snapshot,102,4,0,,42.14
1776473987,kk,1776474036.61,snapshot,102,4,0,,45.14
1776473987,kk,1776474037.34,gain,134,4,32,skeleton,45.88
1776473987,kk,1776474038.8,gain,147,4,13,slime,47.33
1776473987,kk,1776474039.62,snapshot,147,4,0,,48.16
1776473987,kk,1776474042.49,gain,162,5,15,slime,51.02
1776473987,kk,1776474042.49,gain,179,5,17,slime,51.02
1776473987,kk,1776474042.49,gain,196,5,17,slime,51.02
1776473987,kk,1776474042.62,snapshot,196,5,0,,51.16
1776473987,kk,1776474045.59,gain,232,6,36,skeleton,54.13
1776473987,kk,1776474045.63,snapshot,232,6,0,,54.16
1776473987,kk,1776474048.15,gain,253,6,21,slime,56.68
1776473987,kk,1776474048.63,snapshot,253,6,0,,57.17
1776473987,kk,1776474051.65,snapshot,253,6,0,,60.18
1776473987,kk,1776474052.28,gain,296,7,43,skeleton,60.82
1776473987,kk,1776474054.65,snapshot,296,7,0,,63.19
1776473987,kk,1776474057.67,snapshot,296,7,0,,66.21
1776473987,kk,1776474058.1,gain,308,7,12,slime,66.64
1776473987,kk,1776474060.67,snapshot,308,7,0,,69.21
1776473987,kk,1776474062.19,gain,355,7,47,skeleton,70.73
1776473987,kk,1776474063.69,snapshot,355,7,0,,72.23
1776473987,kk,1776474066.7,snapshot,355,7,0,,75.24
1776473987,kk,1776474069.71,snapshot,355,7,0,,78.24
1776473987,kk,1776474071.42,gain,402,8,47,skeleton,79.96
1776473987,kk,1776474072.72,snapshot,402,8,0,,81.25
1776473987,kk,1776474073.59,gain,445,8,43,skeleton,82.13
1776473987,kk,1776474075.73,snapshot,445,8,0,,84.27
1776473987,kk,1776474078.73,snapshot,445,8,0,,87.27
1776473987,kk,1776474080.22,gain,467,8,22,slime,88.76
1776473987,kk,1776474081.74,snapshot,467,8,0,,90.27
1776473987,kk,1776474084.75,snapshot,467,8,0,,93.28
1776473987,kk,1776474087.75,snapshot,467,8,0,,96.29
1776473987,kk,1776474089.89,gain,514,9,47,skeleton,98.43
1776473987,kk,1776474090.76,snapshot,514,9,0,,99.3
1776473987,kk,1776474091.87,gain,536,9,22,slime,100.41
1776473987,kk,1776474093.76,snapshot,536,9,0,,102.3
1776473987,kk,1776474096.77,snapshot,536,9,0,,105.31
1776473987,kk,1776474098.52,gain,553,9,17,slime,107.06
1776473987,kk,1776474099.06,gain,585,10,32,skeleton,107.6
1776473987,kk,1776474099.77,snapshot,585,10,0,,108.31
1776473987,kk,1776474101.13,gain,600,10,15,slime,109.66
1776473987,kk,1776474101.83,gain,624,10,24,slime,110.36
1776473987,kk,1776474102.43,gain,664,10,40,skeleton,110.96
1776473987,kk,1776474102.78,snapshot,664,10,0,,111.31
1776473987,kk,1776474105.79,snapshot,664,10,0,,114.33
1776473987,kk,1776474108.8,snapshot,664,10,0,,117.34
1776473987,kk,1776474111.81,snapshot,664,10,0,,120.35
1776473987,kk,1776474113.01,gain,719,11,55,skeleton,121.55
1776473987,kk,1776474114.82,snapshot,719,11,0,,123.36
1776473987,kk,1776474117.84,snapshot,719,11,0,,126.37
1776473987,kk,1776474120.85,snapshot,719,11,0,,129.39
1776473987,kk,1776474123.86,snapshot,719,11,0,,132.4
1776473987,kk,1776474125.58,gain,741,11,22,slime,134.12
1776473987,kk,1776474126.82,gain,792,11,51,skeleton,135.36
1776473987,kk,1776474126.87,snapshot,792,11,0,,135.41
1776473987,kk,1776474127.5,gain,816,11,24,slime,136.04
1776473987,kk,1776474129.88,snapshot,816,11,0,,138.42
1776473987,kk,1776474132.8,gain,828,11,12,slime,141.33
1776473987,kk,1776474132.88,snapshot,828,11,0,,141.42
1776473987,kk,1776474135.89,snapshot,828,11,0,,144.43
1776473987,kk,1776474138.9,snapshot,828,11,0,,147.43
1776473987,kk,1776474141.9,snapshot,828,11,0,,150.44
1776473987,kk,1776474144.91,snapshot,828,11,0,,153.45
1776473987,kk,1776474147.92,snapshot,828,11,0,,156.45
1776473987,kk,1776474150.93,snapshot,828,11,0,,159.46
1776473987,kk,1776474153.94,snapshot,828,11,0,,162.47
1776473987,kk,1776474156.95,snapshot,828,11,0,,165.48
1776473987,kk,1776474159.96,snapshot,828,11,0,,168.49
1776473987,kk,1776474162.97,snapshot,828,11,0,,171.51
1776473987,kk,1776474164.28,gain,928,12,100,mini_boss_1,172.82
1776473987,kk,1776474168.05,snapshot,928,12,0,,174.52
1776473987,kk,1776474171.05,snapshot,928,12,0,,177.52
1776473987,kk,1776474172.6,gain,959,12,31,slime,179.07
1776473987,kk,1776474174.06,snapshot,959,12,0,,180.53
1776473987,kk,1776474177.07,snapshot,959,12,0,,183.53
1776473987,kk,1776474180.08,snapshot,959,12,0,,186.55
1776473987,kk,1776474181.3,gain,1025,13,66,skeleton,187.76
1776473987,kk,1776474181.85,gain,1051,13,26,slime,188.31
1776473987,kk,1776474183.09,snapshot,1051,13,0,,189.56
1776473987,kk,1776474186.11,snapshot,1051,13,0,,192.57
1776473987,kk,1776474187.22,gain,1117,13,66,skeleton,193.69
1776473987,kk,1776474189.12,snapshot,1117,13,0,,195.58
1776473987,kk,1776474190.85,gain,1187,14,70,skeleton,197.32
1776473987,kk,1776474192.12,snapshot,1187,14,0,,198.59
1776473987,kk,1776474195.14,snapshot,1187,14,0,,201.61
1776473987,kk,1776474195.67,gain,1220,14,33,slime,202.14
1776473987,kk,1776474198.15,snapshot,1220,14,0,,204.61
1776473987,kk,1776474201.15,snapshot,1220,14,0,,207.62
1776473987,kk,1776474204.16,snapshot,1220,14,0,,210.63
1776473987,kk,1776474204.57,gain,1338,15,118,orc,211.03
1776473987,kk,1776474204.8,gain,1371,15,33,slime,211.26
1776473987,kk,1776474207.16,snapshot,1371,15,0,,213.63
1776473987,kk,1776474207.77,gain,1437,15,66,skeleton,214.24
1776473987,kk,1776474210.17,snapshot,1437,15,0,,216.63
1776473987,kk,1776474210.81,gain,1449,15,12,slime,217.28
1776473987,kk,1776474210.81,gain,1466,15,17,slime,217.28
1776473987,kk,1776474213.18,snapshot,1466,15,0,,219.65
1776473987,kk,1776474215.76,gain,1543,16,77,skeleton,222.23
1776473987,kk,1776474216.19,snapshot,1543,16,0,,222.66
1776473987,kk,1776474216.94,gain,1667,16,124,orc,223.41
1776473987,kk,1776474219.21,snapshot,1667,16,0,,225.67
1776473987,kk,1776474222.22,snapshot,1667,16,0,,228.69
1776473987,kk,1776474223.5,gain,1740,17,73,skeleton,229.97
1776473987,kk,1776474223.74,gain,1771,17,31,slime,230.2
1776473987,kk,1776474223.85,gain,1802,17,31,slime,230.32
1776473987,kk,1776474225.23,snapshot,1802,17,0,,231.7
1776473987,kk,1776474228.24,snapshot,1802,17,0,,234.71
1776473987,kk,1776474228.28,gain,1879,18,77,skeleton,234.75
1776473987,kk,1776474231.25,snapshot,1879,18,0,,237.72
1776473987,kk,1776474232.27,gain,1952,18,73,skeleton,238.74
1776473987,kk,1776474234.26,snapshot,1952,18,0,,240.73
1776473987,kk,1776474236.42,gain,1983,18,31,slime,242.89
1776473987,kk,1776474237.28,snapshot,1983,18,0,,243.74
1776473987,kk,1776474240.28,snapshot,1983,18,0,,246.75
1776473987,kk,1776474241.04,gain,2071,18,88,skeleton,247.51
1776473987,kk,1776474243.29,snapshot,2071,18,0,,249.75
1776473987,kk,1776474245.45,gain,2159,19,88,skeleton,251.92
1776473987,kk,1776474245.47,gain,2240,19,81,skeleton,251.94
1776473987,kk,1776474246.3,snapshot,2240,19,0,,252.77
1776473987,kk,1776474249.31,snapshot,2240,19,0,,255.78
1776473987,kk,1776474250.57,gain,2364,20,124,orc,257.04
1776473987,kk,1776474252.31,snapshot,2364,20,0,,258.78
1776473987,kk,1776474255.33,snapshot,2364,20,0,,261.8
1776473987,kk,1776474258.33,snapshot,2364,20,0,,264.8
1776473987,kk,1776474258.61,gain,2437,20,73,skeleton,265.08
1776473987,kk,1776474261.33,snapshot,2437,20,0,,267.8
1776473987,kk,1776474261.76,gain,2522,20,85,skeleton,268.23
1776473987,kk,1776474264.34,snapshot,2522,20,0,,270.8
1776473987,kk,1776474267.34,snapshot,2522,20,0,,273.81
1776473987,kk,1776474270.35,snapshot,2522,20,0,,276.81
1776473987,kk,1776474273.36,snapshot,2522,20,0,,279.83
1776473987,kk,1776474273.82,gain,2614,21,92,skeleton,280.29
1776473987,kk,1776474273.92,gain,2744,21,130,orc,280.39
1776473987,kk,1776474276.36,snapshot,2744,21,0,,282.83
1776473987,kk,1776474276.53,gain,2832,22,88,skeleton,282.99
1776473987,kk,1776474279.37,snapshot,2832,22,0,,285.84
1776473987,kk,1776474280.75,gain,2924,22,92,skeleton,287.22
1776473987,kk,1776474282.38,snapshot,2924,22,0,,288.85
1776473987,kk,1776474284.52,gain,3001,22,77,skeleton,290.99
1776473987,kk,1776474285.39,snapshot,3001,22,0,,291.86
1776473987,kk,1776474288.4,gain,3131,23,130,orc,294.87
1776473987,kk,1776474288.4,snapshot,3131,23,0,,294.87
1776473987,kk,1776474291.42,snapshot,3131,23,0,,297.88
1776473987,kk,1776474294.43,snapshot,3131,23,0,,300.9
1776473987,kk,1776474297.44,snapshot,3131,23,0,,303.91
1776473987,kk,1776474300.45,snapshot,3131,23,0,,306.91
1776473987,kk,1776474303.22,gain,3249,23,118,orc,309.69
1776473987,kk,1776474303.22,gain,3337,23,88,skeleton,309.69
1776473987,kk,1776474303.26,gain,3407,24,70,skeleton,309.73
1776473987,kk,1776474303.27,gain,3525,24,118,orc,309.74
1776473987,kk,1776474303.46,snapshot,3525,24,0,,309.93
1776473987,kk,1776474306.47,snapshot,3525,24,0,,312.94
1776473987,kk,1776474309.49,snapshot,3525,24,0,,315.95
1776473987,kk,1776474312.49,snapshot,3525,24,0,,318.96
1776473987,kk,1776474315.5,snapshot,3525,24,0,,321.97
1776473987,kk,1776474318.51,snapshot,3525,24,0,,324.98
1776473987,kk,1776474321.52,snapshot,3525,24,0,,327.99
1776473987,kk,1776474324.53,snapshot,3525,24,0,,331.0
1776473987,kk,1776474327.54,snapshot,3525,24,0,,334.01
1776473987,kk,1776474330.56,snapshot,3525,24,0,,337.03
1776473987,kk,1776474333.57,snapshot,3525,24,0,,340.04
1776473987,kk,1776474336.59,snapshot,3525,24,0,,343.06
1776473987,kk,1776474339.6,snapshot,3525,24,0,,346.07
1776473987,kk,1776474342.61,snapshot,3525,24,0,,349.08
1776473987,kk,1776474345.62,snapshot,3525,24,0,,352.09
1776473987,kk,1776474348.63,snapshot,3525,24,0,,355.1
1776473987,kk,1776474351.64,snapshot,3525,24,0,,358.11
1776473987,kk,1776474354.64,snapshot,3525,24,0,,361.11
1776473987,kk,1776474356.25,gain,3725,25,200,mini_boss_2,362.71
1776473987,kk,1776474357.66,snapshot,3725,25,0,,364.13
1776473987,kk,1776474360.67,snapshot,3725,25,0,,367.14
1776473987,kk,1776474363.68,snapshot,3725,25,0,,370.15
1776473987,kk,1776474364.83,gain,3861,25,136,orc,371.3
1776473987,kk,1776474366.69,snapshot,3861,25,0,,373.16
1776473987,kk,1776474368.97,gain,3949,25,88,skeleton,375.44
1776473987,kk,1776474369.69,snapshot,3949,25,0,,376.16
1776473987,kk,1776474372.71,snapshot,3949,25,0,,379.18
1776473987,kk,1776474374.1,gain,4063,26,114,skeleton,380.57
1776473987,kk,1776474375.71,snapshot,4063,26,0,,382.18
1776473987,kk,1776474375.97,gain,4177,26,114,skeleton,382.45
1776473987,kk,1776474378.72,snapshot,4177,26,0,,385.19
1776473987,kk,1776474381.73,snapshot,4177,26,0,,388.2
1776473987,kk,1776474382.84,gain,4367,27,190,orc,389.31
1776473987,kk,1776474384.74,snapshot,4367,27,0,,391.21
1776473987,kk,1776474387.61,gain,4481,27,114,skeleton,394.08
1776473987,kk,1776474387.74,snapshot,4481,27,0,,394.21
1776473987,kk,1776474390.76,snapshot,4481,27,0,,397.23
1776473987,kk,1776474393.77,snapshot,4481,27,0,,400.24
1776473987,kk,1776474393.84,gain,4665,28,184,orc,400.31
1776473987,kk,1776474395.02,gain,4849,28,184,orc,401.49
1776473987,kk,1776474396.75,gain,5039,29,190,orc,403.22
1776473987,kk,1776474396.78,snapshot,5039,29,0,,403.25
1776473987,kk,1776474399.79,snapshot,5039,29,0,,406.26
1776473987,kk,1776474402.8,snapshot,5039,29,0,,409.27
1776473987,kk,1776474405.81,snapshot,5039,29,0,,412.28
1776473987,kk,1776474407.46,gain,5247,29,208,orc,413.93
1776473987,kk,1776474407.64,gain,5443,30,196,orc,414.12
1776473987,kk,1776474408.82,snapshot,5443,30,0,,415.29
1776473987,kk,1776474411.84,snapshot,5443,30,0,,418.3
1776473987,kk,1776474413.94,gain,5565,30,122,skeleton,420.41
1776473987,kk,1776474414.85,snapshot,5565,30,0,,421.32
1776473987,kk,1776474417.85,snapshot,5565,30,0,,424.32
1776473987,kk,1776474420.87,snapshot,5565,30,0,,427.34
1776473987,kk,1776474423.88,snapshot,5565,30,0,,430.34
1776473987,kk,1776474426.89,snapshot,5565,30,0,,433.36
1776473987,kk,1776474429.9,snapshot,5565,30,0,,436.37
1776473987,kk,1776474432.9,snapshot,5565,30,0,,439.37
1776473987,kk,1776474435.92,snapshot,5565,30,0,,442.38
1776473987,kk,1776474438.93,snapshot,5565,30,0,,445.4
1776473987,kk,1776474441.94,snapshot,5565,30,0,,448.41
1776473987,kk,1776474444.94,snapshot,5565,30,0,,451.41
1776473987,kk,1776474447.95,snapshot,5565,30,0,,454.42
